./202205/23/t20220523_37605862.shtml,“中国天眼”探测到“黑寡妇”脉冲星新现象,05/23
./202205/19/t20220519_37595493.shtml,早期动物五亿多年前已形成复杂生态群落,05/19
./202205/19/t20220519_37595492.shtml,突破燃料密度极限 核聚变基本定律修订,05/19
./202205/18/t20220518_37594996.shtml,中国科学家提出太空计划 寻找近邻系外宜居行星,05/18
./202205/14/t20220514_37581030.shtml,中国电科多项自主技术护航 保障“天舟”安全抵达,05/14
./202205/14/t20220514_37581029.shtml,2022年高校应届毕业生就业观察,05/14
../gnsz/gdxw/202205/13/t20220513_37579094.shtml,财政部下达支持学前教育发展资金230亿元 持续推进学前教育普及普惠优质发展,05/13
./202205/13/t20220513_37578471.shtml,银河系中心黑洞照片为啥迟到了,05/13
../gnsz/gdxw/202205/13/t20220513_37578420.shtml,教育部：监测显示非学科类培训价格总体平稳,05/13
../gnsz/gdxw/202205/13/t20220513_37577073.shtml,差0.96平方米不能就近入学，这样的“门槛”合理吗,05/13
../gnsz/gdxw/202205/13/t20220513_37577068.shtml,依旧像“甜甜圈” 天文学家公布银河系中心黑洞的首张照片,05/13
../gnsz/gdxw/202205/12/t20220512_37574944.shtml,教育部强化校外培训投诉举报问题核查处置 推进隐形变异培训治理,05/12
../gnsz/gdxw/202205/12/t20220512_37574894.shtml,祝融号发现火星近期水活动迹象,05/12
../gnsz/gdxw/202205/12/t20220512_37574822.shtml,祝融号发现火星上近期水活动迹象,05/12
../gnsz/gdxw/202205/12/t20220512_37573441.shtml,实招新招连出 全力护航高校毕业生就业,05/12
../gnsz/gdxw/202205/12/t20220512_37573308.shtml,多国出现感染病例 屡屡“搞事情”的沙门氏菌到底啥来头,05/12
../gnsz/gdxw/202205/12/t20220512_37572960.shtml,【奋进新征程 建功新时代・伟大变革】优质教育托起美好未来,05/12
../gnsz/gdxw/202205/12/t20220512_37572959.shtml,【奋进新征程 建功新时代・伟大变革】推进义务教育高质量发展,05/12
./202205/12/t20220512_37573546.shtml,北京线上教学规范有序、因校制宜,05/12
./202205/11/t20220511_37571740.shtml,新研究：气溶胶传播新冠风险远高于接触面,05/11
../gnsz/gdxw/202205/11/t20220511_37569761.shtml,新冠疫苗是怎样“升级”的 新疫苗在研发老疫苗还管用吗,05/11
../gnsz/gdxw/202205/11/t20220511_37569060.shtml,让职业教育“香起来”“热起来”,05/11
../gnsz/gdxw/202205/11/t20220511_37569064.shtml,天舟四号货运飞船成功发射 将为神舟十四号乘组提供物资保障,05/11
../gnsz/gdxw/202205/11/t20220511_37569675.shtml,多所名校退出国际大学排名，意味着啥？,05/11
../gnsz/gdxw/202205/10/t20220510_37566841.shtml,天舟四号成功对接天和核心舱,05/10
./202205/10/t20220510_37566467.shtml,天舟四号货运飞船成功发射 中国空间站建造阶段首飞告捷,05/10
./202205/10/t20220510_37566466.shtml,2022年首个“航天快递”奔“天宫” 46台发动机保障“签收”,05/10
./202205/10/t20220510_37566465.shtml,恐龙如何换牙？古生物学者揭秘古老角龙换牙方式,05/10
./202205/10/t20220510_37566459.shtml,珠峰峰顶冰雪样品采集工作完成,05/10
./202205/10/t20220510_37566458.shtml,天舟四号货运飞船发射成功 后续将执行三次空间站建造阶段发射任务,05/10
../gnsz/gdxw/202205/10/t20220510_37566426.shtml,天舟四号货运飞船发射成功 中国空间站全面建造大幕正式开启,05/10
./202205/10/t20220510_37566421.shtml,我科学家发现让水稻“不怕热”基因,05/10
../gnsz/gdxw/202205/10/t20220510_37565895.shtml,珠峰峰顶冰雪样品采集工作完成,05/10
../gnsz/gdxw/202205/10/t20220510_37565857.shtml,天舟四号货运飞船发射成功 后续将执行三次空间站建造阶段发射任务,05/10
../gnsz/gdxw/202205/10/t20220510_37565702.shtml,这些全国性考试，延期了,05/10
../gnsz/gdxw/202205/10/t20220510_37565416.shtml,仅需6.5小时！天舟四号正与空间站组合体进行交会对接,05/10
../gnsz/gdxw/202205/09/t20220509_37563636.shtml,上海取消2022年上半年全国大学英语四、六级口语考试,05/09
../gnsz/gdxw/202205/09/t20220509_37563214.shtml,今年高考招生新增31个本科专业 本科工学类新增专业最多,05/09
../gnsz/gdxw/202205/09/t20220509_37563192.shtml,教育部开展2022届高校毕业生就业“百日冲刺”系列活动,05/09
../gnsz/gdxw/202205/09/t20220509_37563177.shtml,教育部2022届高校毕业生就业促进周活动线上线下同步启动,05/09
../gnsz/gdxw/202205/09/t20220509_37561972.shtml,中国植被生态质量指数创2000年以来新高,05/09
../gnsz/gdxw/202205/09/t20220509_37561970.shtml,近10万考生报考 体育中考足球为何这么“热”,05/09
../gnsz/gdxw/202205/09/t20220509_37562652.shtml,天舟四号货运飞船将于近日择机发射 新一代指挥显示系统为发射提供信息支撑,05/09
../gnsz/gdxw/202205/09/t20220509_37562542.shtml,铁路部门组织开行长春、吉林、延吉等未返乡高校学生返乡专列,05/09
./202205/09/t20220509_37561987.shtml,新一代指挥信息系统向“认知智能”迈进,05/09
./202205/09/t20220509_37561986.shtml,借助AI 人类能听懂动物的“喜怒哀乐”？,05/09
./202205/07/t20220507_37559772.shtml,天舟四号货运飞船近日择机发射 船箭组合体转运至发射区,05/07
./202205/07/t20220507_37559769.shtml,嫦娥五号部分科学数据公开发布,05/07
../gnsz/gdxw/202205/07/t20220507_37559547.shtml,今年上海高校毕业生共22.7万人 比去年增加2万人,05/07
../gnsz/gdxw/202205/07/t20220507_37559545.shtml,上海：幼儿园入园和义务教育招生入学工细则将于本月下旬发布,05/07
./202205/07/t20220507_37559457.shtml,上海秋季高考中考时间调整,05/07
../gnsz/gdxw/202205/07/t20220507_37558193.shtml,中小学生需学煮饭引热议,05/07
../gnsz/gdxw/202205/07/t20220507_37558173.shtml,中国太空探索“推力”强劲,05/07
../gnsz/gdxw/202205/07/t20220507_37558701.shtml,“祝融号”准备过冬 四项设计应对沙尘低温天气,05/07
./202205/06/t20220506_37557141.shtml,为爱集结 彰显青春力量,05/06
./202205/06/t20220506_37557100.shtml,2022年“少年儿童心向党”主题教育活动启动,05/06
../gnsz/gdxw/202205/06/t20220506_37557008.shtml,探月工程嫦娥五号任务科学数据公开发布,05/06
../gnsz/gdxw/202205/06/t20220506_37556231.shtml,国内首个双极化GNSS-R海洋探测载荷成功发射,05/06
../gnsz/gdxw/202205/06/t20220506_37556071.shtml,“墨子号”量子科学实验卫星新成果：实现1200公里地面站间量子态远程传输,05/06
../gnsz/gdxw/202205/06/t20220506_37555953.shtml,全国2895个县实现义务教育基本均衡发展,05/06
../gnsz/gdxw/202205/06/t20220506_37555503.shtml,“祝融号”火星车准备越冬 环绕器持续开展环绕探测,05/06
./202205/06/t20220506_37554587.shtml,宇宙1亿年后或转为缓慢收缩,05/06
./202205/05/t20220505_37553615.shtml,维信诺发布近20项创新技术成果,05/05
../gnsz/gdxw/202205/05/t20220505_37552911.shtml,我国科学家实现机器人自主编队成群飞行,05/05
../gnsz/gdxw/202205/05/t20220505_37552758.shtml,全球首批！中外科学家联合实现首批生命全景地图绘制,05/05
../gnsz/gdxw/202205/05/t20220505_37552370.shtml,我国成功发射吉林一号宽幅01C卫星,05/05
../gnsz/gdxw/202205/05/t20220505_37550675.shtml,高校毕业生如何找到好工作,05/05
../gnsz/gdxw/202205/05/t20220505_37551169.shtml,飞絮能加速传播病毒？新冠肺炎疫情当前，谣言别添乱,05/05
./202205/01/t20220501_37546985.shtml,北京市义务教育入学平台今起开通,05/01
./202205/01/t20220501_37546976.shtml,首个国产量子芯片设计工业软件问世,05/01
./202204/29/t20220429_37543697.shtml,百度发布AI华人青年学者榜单 人才发展呈年轻化趋势,04/29
../gnsz/gdxw/202204/29/t20220429_37543443.shtml,今年最精彩的行星相合将于5月1日上演,04/29
./202204/29/t20220429_37543407.shtml,我国科学家利用二氧化碳还原合成葡萄糖和脂肪酸,04/29
../gnsz/gdxw/202204/29/t20220429_37542597.shtml,“祝融号”如何应对火星上的冬天？工程团队详解,04/29
../gnsz/gdxw/202204/29/t20220429_37541875.shtml,多因素导致H3N8禽流感病毒偶发跨物种传播,04/29
../gnsz/gdxw/202204/29/t20220429_37541411.shtml,变废为宝新路径！我国科学家将二氧化碳人工合成葡萄糖和脂肪酸,04/29
../gnsz/gdxw/202204/29/t20220429_37541212.shtml,职业教育将大有作为,04/29
../gnsz/gdxw/202204/29/t20220429_37542205.shtml,中国合成生物产业知识产权运营中心28日在津揭牌,04/29
./202204/29/t20220429_37541579.shtml,父母患Ι型糖尿病影响孩子考试成绩,04/29
./202204/29/t20220429_37541577.shtml,六成新冠患者一年后仍有至少一种症状,04/29
./202204/28/t20220428_37540946.shtml,揭秘太阳系“童年” 我国学者提出太阳系演化新模型,04/28
../gnsz/gdxw/202204/28/t20220428_37539799.shtml,“极目一号”Ⅲ型浮空艇首次亮相 将在珠峰测试大气环境,04/28
../gnsz/gdxw/202204/28/t20220428_37539798.shtml,教育部：“五一”假期原则上非必要不离校,04/28
./202204/28/t20220428_37539500.shtml,"北京率先允许自动驾驶车辆""方向盘后无人"" 百度首批获准",04/28
../gnsz/gdxw/202204/28/t20220428_37539049.shtml,“巅峰使命”珠峰科考活动今天全面启动,04/28
../gnsz/gdxw/202204/28/t20220428_37538911.shtml,全国学前三年毛入园率达88.1% 学前教育实现基本普及,04/28
../gnsz/gdxw/202204/28/t20220428_37538519.shtml,给鱼做抗原检测显示阳性，它也会感染新冠？,04/28
../gnsz/gdxw/202204/28/t20220428_37538379.shtml,新职业教育法为职业与普通教育平等地位“撑腰”,04/28
../gnsz/gdxw/202204/28/t20220428_37538815.shtml,新修订《职业教育法》5月1日起正式实施 破解职业教育发展的瓶颈障碍,04/28
../gnsz/gdxw/202204/27/t20220427_37536207.shtml,教育部：学习贯彻新修订的职业教育法 保障职业教育高质量发展,04/27
./202204/27/t20220427_37536034.shtml,深度学习技术及应用国家工程研究中心正式揭牌,04/27
./202204/27/t20220427_37535939.shtml,百度联合国家知识产权局等机构发起倡议：提高青少年科技综合素质,04/27
../gnsz/gdxw/202204/27/t20220427_37535935.shtml,人社部：将调整优化公共部门考试招录时间安排 为毕业生求职留出时间窗口,04/27
../gnsz/gdxw/202204/27/t20220427_37534007.shtml,清华毕业生放弃百万年薪做红娘？图啥？,04/27
../gnsz/gdxw/202204/27/t20220427_37533252.shtml,全国普惠性幼儿园已超幼儿园总量八成  多措并举破解“入园难”“入园贵”,04/27
../gnsz/gdxw/202204/27/t20220427_37534351.shtml,“探索二号”科考船返航 获取一批海底沉积物、岩石及生物样本,04/27
./202204/27/t20220427_37533877.shtml,教育部：持续扩大普惠性学前教育资源,04/27
./202204/26/t20220426_37531750.shtml,58同城、新华网共建招聘云服务平台 促大学生精准就业,04/26
./202204/26/t20220426_37531663.shtml,中国人民大学联合阿里启动“知产新青年成长计划”,04/26
../gnsz/gdxw/202204/26/t20220426_37531388.shtml,普惠性幼儿园比例83% 、财政投入十年增5倍……我国学前教育取得这些成就,04/26
../gnsz/gdxw/202204/26/t20220426_37531350.shtml,我国幼儿园教师配备基本达标,04/26
../gnsz/gdxw/202204/26/t20220426_37530506.shtml,教育部印发学校教职员工疫情防控期间行为指引,04/26
./202204/26/t20220426_37530557.shtml,科学家发现人类历史上又一“最大地震”的证据,04/26
../gnsz/gdxw/202204/26/t20220426_37530500.shtml,国务院教育督导委员会办公室挂牌督办安徽中小学幼儿园学生安全工作,04/26
./202204/25/t20220425_37528313.shtml,数字化转型强劲驱动 德必集团2021年净利润突破亿元,04/25
../gnsz/gdxw/202204/25/t20220425_37527898.shtml,教育部要求五一假期精准掌握师生健康状况和出行去向,04/25
../gnsz/gdxw/202204/25/t20220425_37527770.shtml,教育部印发通知部署“五一”假期教育系统疫情防控工作,04/25
./202204/25/t20220425_37527703.shtml,OPPO K10系列超次元新品发布,04/25
../gnsz/gdxw/202204/25/t20220425_37526484.shtml,多点发力打通制约大学生就业的瓶颈,04/25
../gnsz/gdxw/202204/25/t20220425_37526914.shtml,互联网热度降低 这些领域需求旺！应届生求职转向新兴行业,04/25
../gnsz/gdxw/202204/25/t20220425_37526912.shtml,2000亿元大市场打开！餐桌上这些蔬菜瓜果都是“太空种子”后代,04/25
../gnsz/gdxw/202204/25/t20220425_37526882.shtml,全球首次 临近空间空基平台火箭在青海冷湖成功发射,04/25
../gnsz/gdxw/202204/25/t20220425_37526870.shtml,玉兔二号月球车工作状态良好 月背行驶超1142米,04/25
../gnsz/gdxw/202204/25/t20220425_37526853.shtml,我国在轨工作的各类卫星超过500颗,04/25
../gnsz/gdxw/202204/25/t20220425_37526820.shtml,教育部：启动全国健康学校建设计划 涵盖中小学、职校和普通高校,04/25
./202204/24/t20220424_37524899.shtml,仅差130米，神舟十三号返回预测为何如此精确？,04/24
./202204/24/t20220424_37525401.shtml,“中国儿童乐读工程”活动启动仪式在京举行,04/24
./202204/24/t20220424_37524755.shtml,世界读书日：读红色经典 传薪火精神,04/24
../gnsz/gdxw/202204/24/t20220424_37524682.shtml,太阳大耀斑爆发 2025年前后达到活动高峰,04/24
../gnsz/gdxw/202204/24/t20220424_37524564.shtml,探月工程四期今年正式启动工程研制,04/24
../gnsz/gdxw/202204/24/t20220424_37523854.shtml,我国将着手组建近地小行星防御系统,04/24
../gnsz/gdxw/202204/23/t20220423_37522176.shtml,我国自主研发卫星激光测高产品发布,04/23
../gnsz/gdxw/202204/22/t20220422_37518623.shtml,“中国航天日”将至 看这些中国“星”闪耀太空,04/22
../gnsz/gdxw/202204/22/t20220422_37518614.shtml,推出“网课房”托管式带娃 酒店是否具有相关资质？,04/22
../gnsz/gdxw/202204/22/t20220422_37518532.shtml,我国青年发展事业实现全方位进步取得历史性成就,04/22
../gnsz/gdxw/202204/22/t20220422_37518531.shtml,新版义务教育课程方案：让核心素养落地 为知识运用赋能,04/22
../gnsz/gdxw/202204/22/t20220422_37519592.shtml,我国科学家揭示突破水稻产量瓶颈新机制,04/22
./202204/22/t20220422_37518521.shtml,2014年撞地球的，原来是这颗星际流星,04/22
./202204/21/t20220421_37517822.shtml,网络安全行业产融合作升温 华顺信安完成C轮融资,04/21
./202204/21/t20220421_37517691.shtml,古生物学：翼龙羽毛颜色可能用于温度调节和视觉展示,04/21
./202204/21/t20220421_37517500.shtml,义务教育教学内容与方式将迎来重要变化,04/21
./202204/21/t20220421_37517002.shtml,木卫二上可能存在浅层液态水,04/21
./202204/21/t20220421_37516987.shtml,加速商用办公市场布局 华为推企业定制版智能手表,04/21
./202204/21/t20220421_37516941.shtml,天津大学成功研制仿生向日葵智能材料,04/21
./202204/21/t20220421_37516920.shtml,中国绿发携手中科院理化所 打造世界级液化空气储能产业平台,04/21
./202204/21/t20220421_37516918.shtml,Hi nova9 SE为品牌发展注入活力,04/21
./202204/21/t20220421_37516917.shtml,地铁隧道水冲洗车应用边界进一步拓宽,04/21
./202204/21/t20220421_37516894.shtml,AI超拟真有声书《智能交通》上线,04/21
../gnsz/gdxw/202204/21/t20220421_37516473.shtml,义务教育新课标注重幼小衔接设计,04/21
../gnsz/gdxw/202204/21/t20220421_37516456.shtml,义务教育课标及课程方案作出修订,04/21
./202204/21/t20220421_37516006.shtml,职业教育法首次大修，将带来哪些重要改变？,04/21
../gnsz/gdxw/202204/21/t20220421_37515049.shtml,问天、梦天长啥样？中国空间站建设这些看点值得期待,04/21
../gnsz/gdxw/202204/21/t20220421_37515063.shtml,过半受访应届生：求职最大难题是招聘信息不透明,04/21
../gnsz/gdxw/202204/21/t20220421_37515482.shtml,真“追星一族”！高中生发现了一颗小行星，拥有命名权,04/21
../gnsz/gdxw/202204/21/t20220421_37515372.shtml,教育部印发校外培训监管行政处罚流程图和文书格式范本 规范执法监管行为,04/21
./202204/20/t20220420_37512965.shtml,百度发布车路协同开放平台“开路”,04/20
./202204/20/t20220420_37512493.shtml,天下秀发布2021年报 帮助红人创收31.5亿元,04/20
./202204/20/t20220420_37512198.shtml,MBTI人格测试是科学还是玄学？,04/20
../gnsz/gdxw/202204/20/t20220420_37512062.shtml,天舟三号从空间站后端绕前端对接,04/20
../gnsz/gdxw/202204/20/t20220420_37511672.shtml,3岁以下婴幼儿如何做好防护？这些要点家长们务必注意,04/20
../gnsz/gdxw/202204/20/t20220420_37511631.shtml,北京市教委：5月5日起采集适龄儿童入学信息,04/20
../gnsz/gdxw/202204/20/t20220420_37511614.shtml,北京市教委：北京市户籍适龄儿童凡年满6周岁均须参加学龄人口信息采集 免试就近入学,04/20
./202204/20/t20220420_37511561.shtml,2022年吉林省中考时间确定,04/20
./202204/20/t20220420_37511553.shtml,江苏省2022年高考时间确定为6月7日至9日,04/20
../gnsz/gdxw/202204/20/t20220420_37511542.shtml,一年中风最大的时候来了 大数据揭秘为何谷雨前后风最盛,04/20
../gnsz/gdxw/202204/20/t20220420_37511535.shtml,为什么鲸鱼总搁浅？人类能为它们做些什么,04/20
./202204/19/t20220419_37508698.shtml,全球首个非人灵长类动物全细胞图谱发布,04/19
./202204/19/t20220419_37508159.shtml,在传承中绽放光彩 “京珐”创新典范,04/19
../gnsz/gdxw/202204/19/t20220419_37507208.shtml,华龙一号海外首个工程全面建成投产,04/19
../gnsz/gdxw/202204/19/t20220419_37507065.shtml,警惕“培训贷”骗局！全国学生资助管理中心发出2022年第1号预警,04/19
../gnsz/gdxw/202204/19/t20220419_37506970.shtml,天琴计划前两个阶段取得超预期成果 在轨运行期间还获得全球重力场数据,04/19
./202204/18/t20220418_37504857.shtml,职业教育法修订草案三审 提升职业教育社会认可度,04/18
../gnsz/gdxw/202204/18/t20220418_37502682.shtml,中国核酸检测能力：实现“动态清零”的有力保障,04/18
../gnsz/gdxw/202204/18/t20220418_37503079.shtml,从儿童酱油到儿童水饺 食品打上“儿童”标签就安全了?,04/18
../gnsz/gdxw/202204/18/t20220418_37502982.shtml,揭秘神舟十三号快速返回：“速度”控制恰到好处,04/18
../gnsz/gdxw/202204/18/t20220418_37502774.shtml,我国计划明年发射首个大型空间巡天望远镜,04/18
../gnsz/gdxw/202204/18/t20220418_37502739.shtml,今年我国将完成空间站在轨建造 共6次飞行任务,04/18
../gnsz/gdxw/202204/18/t20220418_37502686.shtml,为何要高频次、重复地做核酸检测？专家回应,04/18
../gnsz/gdxw/202204/18/t20220418_37502593.shtml,大学生反向背调雇主：用自我表达倒逼职场环境改变,04/18
./202204/18/t20220418_37503137.shtml,南非望远镜探测到50亿光年外强烈微波,04/18
./202204/18/t20220418_37502624.shtml,在元宇宙追光的女科学家：追求人类知识边界的小小突破,04/18
../gnsz/gdxw/202204/15/t20220415_37497913.shtml,教育部部署严格规范高等学历继续教育校外教学点设置与管理,04/15
../gnsz/gdxw/202204/15/t20220415_37496857.shtml,最温和新冠症状也有损大脑？老年人中更为显著,04/15
../gnsz/gdxw/202204/15/t20220415_37497372.shtml,酒精开封后还有消毒效果吗？专家解答来了,04/15
../gnsz/gdxw/202204/15/t20220415_37497273.shtml,中外科学家联合完成全球首个非人灵长类动物全细胞图谱,04/15
./202204/14/t20220414_37495399.shtml,“2022英特尔中国研究院探索创新日活动在京举办,04/14
./202204/14/t20220414_37495360.shtml,2022年全国科技工作者日将推出系列活动弘扬科学家精神,04/14
../gnsz/gdxw/202204/14/t20220414_37490487.shtml,这颗太空中的小行星被正式命名为“冷湖星”,04/14
../gnsz/gdxw/202204/14/t20220414_37490357.shtml,新时代基础教育强师计划发布,04/14
../gnsz/gdxw/202204/14/t20220414_37490355.shtml,教育部：对乡村教师在职称评聘上实行特殊支持,04/14
./202204/14/t20220414_37490275.shtml,我国拟立法确保学生体育课时不被占用,04/14
../gnsz/gdxw/202204/14/t20220414_37490170.shtml,住建部：解决教师队伍住房困难问题,04/14
../gnsz/gdxw/202204/14/t20220414_37490155.shtml,国家发展改革委等部门：加大师范院校专业支持力度 实施教育强国推进工程,04/14
../gnsz/gdxw/202204/14/t20220414_37490090.shtml,教育部等八部门印发《新时代基础教育强师计划》,04/14
../gnsz/gdxw/202204/14/t20220414_37488630.shtml,火遍全网的MBTI测试不是伪科学，但认真你就输了,04/14
../gnsz/gdxw/202204/14/t20220414_37489489.shtml,中国航天又有新突破！火箭关键零部件合格率100%,04/14
../gnsz/gdxw/202204/14/t20220414_37489285.shtml,"300学生干一月,中间提成63万:职校""卖人头"",歪风要刹住",04/14
../gnsz/gdxw/202204/14/t20220414_37489279.shtml,极端天气，今年怎么防？,04/14
../gnsz/gdxw/202204/14/t20220414_37489247.shtml,我国干细胞制备技术获得重要突破,04/14
./202204/14/t20220414_37489199.shtml,体育类专业省统考、“专转本”考试……江苏省的这些考试将推迟,04/14
../gnsz/gdxw/202204/14/t20220414_37489086.shtml,@高校毕业生 去基层就业有这些优惠政策,04/14
../gnsz/gdxw/202204/13/t20220413_37485805.shtml,100公里！我国科学家创造量子直接通信最远纪录,04/13
../gnsz/gdxw/202204/13/t20220413_37484195.shtml,教育部、国家卫健委：鼓励3岁以上适龄人群应接尽接新冠疫苗,04/13
../gnsz/gdxw/202204/13/t20220413_37484778.shtml,体育中考暂停考生居家怎么练 冲刺备考不能“躺平”,04/13
../gnsz/gdxw/202204/13/t20220413_37484689.shtml,加氢站的这颗国产“心脏” 成本低又动力足,04/13
../gnsz/gdxw/202204/13/t20220413_37484654.shtml,有了这项生物检测技术想“挂羊头卖狗肉”？不存在的！,04/13
../gnsz/gdxw/202204/12/t20220412_37482900.shtml,“专属网络面试间”助力高校毕业生求职,04/12
./202204/12/t20220412_37483216.shtml,vivo发布首款折叠屏手机X Fold,04/12
./202204/12/t20220412_37482883.shtml,艾滋病病毒感染者接种科兴新冠疫苗后显示出良好的免疫原性和安全性,04/12
./202204/12/t20220412_37482787.shtml,中国散裂中子源大气中子辐照谱仪成功出束,04/12
../gnsz/gdxw/202204/12/t20220412_37482247.shtml,嫦娥五号月壤颗粒揭示太空风化作用奥秘,04/12
../gnsz/gdxw/202204/12/t20220412_37481601.shtml,国家卫健委：增加校园常态化疫情监测预警,04/12
../gnsz/gdxw/202204/12/t20220412_37481171.shtml,隐形压力、同辈焦虑 年龄大了读研是越努力越焦虑?,04/12
../gnsz/gdxw/202204/12/t20220412_37480672.shtml,幼儿网课：有必要，还是凑热闹?,04/12
../gnsz/gdxw/202204/12/t20220412_37481172.shtml,天气为何大逆转？影响几何,04/12
../gnsz/gdxw/202204/12/t20220412_37481113.shtml,中国散裂中子源大气中子辐照谱仪成功出束,04/12
./202204/11/t20220411_37478858.shtml,长征七号遥五运载火箭安全运抵文昌航天发射场,04/11
../gnsz/gdxw/202204/11/t20220411_37478131.shtml,教育部公开曝光第九批7起违反教师职业行为十项准则典型案例,04/11
./202204/11/t20220411_37476520.shtml,新冠引起大规模炎症原因首次揭示,04/11
./202204/11/t20220411_37476519.shtml,迄今最详细精神分裂症遗传分析结果发布,04/11
./202204/11/t20220411_37476457.shtml,教育的全面数字化转型已成必然趋势,04/11
./202204/11/t20220411_37476453.shtml,古生物学家发现史前鳄鱼新物种 为何借用大文豪韩愈的名字,04/11
./202204/11/t20220411_37476440.shtml,中职学生谁在升学？调查显示：65%中职生进入高等院校,04/11
./202204/11/t20220411_37478737.shtml,探索腰鼓教学 推动学校特色发展,04/11
./202204/10/t20220410_37475480.shtml,科技艺术：新专业如何面向未来,04/10
./202204/08/t20220408_37472607.shtml,有道发布智能学习灯 技术驱动打造桌面学习分析引擎,04/08
../gnsz/gdxw/202204/08/t20220408_37470600.shtml,如何科学处置隔离人员的宠物犬,04/08
../gnsz/gdxw/202204/08/t20220408_37470597.shtml,以为奥密克戎是“大号流感”？轻敌了！,04/08
../gnsz/gdxw/202204/08/t20220408_37471545.shtml,教育部：加强近视防控宣传教育 强化中小学生手机、作业、睡眠、读物、体质五项管理,04/08
../gnsz/gdxw/202204/08/t20220408_37471543.shtml,远望6号船第三次护送高分三号卫星成功入轨,04/08
../gnsz/gdxw/202204/08/t20220408_37471538.shtml,我国首个海洋监视监测雷达卫星星座正式建成,04/08
../gnsz/gdxw/202204/08/t20220408_37471502.shtml,地下水位连续六年回升 北京81处泉眼复涌,04/08
./202204/08/t20220408_37471318.shtml,录取比率低于理科，该不该扩大文科招生,04/08
./202204/07/t20220407_37469746.shtml,2022全球数字经济创新大赛启动,04/07
./202204/07/t20220407_37469734.shtml,艺述事“2023春夏全球文化艺术IP趋势与主题”发布,04/07
./202204/07/t20220407_37469353.shtml,绘制人类大脑发育标准参考图,04/07
../gnsz/gdxw/202204/07/t20220407_37467309.shtml,我国成功发射高分三号03星,04/07
../gnsz/gdxw/202204/07/t20220407_37467098.shtml,异种器官移植临床成功离我们有多远？,04/07
../gnsz/gdxw/202204/07/t20220407_37466631.shtml,时速600公里磁悬浮项目推动情况如何？我们何时能坐上,04/07
../gnsz/gdxw/202204/07/t20220407_37466264.shtml,不辱使命 天舟二号“回家”,04/07
../gnsz/gdxw/202204/07/t20220407_37467271.shtml,教育部：全面排查高校实验室安全隐患,04/07
./202204/07/t20220407_37467252.shtml,高校毕业生就业季：校园招聘主阵地由线下转线上,04/07
./202204/07/t20220407_37467250.shtml,6G研发关键期亟待突破四大难题,04/07
../gnsz/gdxw/202204/07/t20220407_37467213.shtml,教育部：中考不得超标命题 科学设置试卷难度,04/07
../gnsz/gdxw/202204/07/t20220407_37467198.shtml,北京：学校及托幼机构等仍是防控重点 不得带病上班、上学,04/07
../gnsz/gdxw/202204/07/t20220407_37466277.shtml,城乡义务教育一体化：从基本均衡迈向优质均衡,04/07
./202204/05/t20220405_37461955.shtml,“四五清明”？未必年年在4月5日！,04/05
./202204/01/t20220401_37456898.shtml,哈勃望远镜发现迄今最遥远单颗恒星,04/01
./202204/01/t20220401_37456267.shtml,“集中代祭”“直播祭扫”亮相小学校园,04/01
./202204/01/t20220401_37456189.shtml,毕马威和腾讯联合发布《数实共生・2022金融科技十大趋势展望》报告,04/01
./202204/01/t20220401_37456093.shtml,教育部发文要求清理入学无谓证明材料,04/01
../gnsz/gdxw/202204/01/t20220401_37455696.shtml,教育部：高校要将在线开放课程纳入日常教学管理 与线下课程同管理同要求,04/01
../gnsz/gdxw/202204/01/t20220401_37455495.shtml,教育部等五部门：加强普通高等学校在线开放课程教学管理,04/01
../gnsz/gdxw/202204/01/t20220401_37455483.shtml,教育部印发进一步做好普通中小学招生入学工作的通知,04/01
../gnsz/gdxw/202204/01/t20220401_37453351.shtml,20分钟出结果 我研发出新冠病毒快检新方法,04/01
./202204/01/t20220401_37454153.shtml,神舟十三号航天员乘组状态良好 正为4月中旬返回作各项准备,04/01
./202204/01/t20220401_37455555.shtml,深度学习框架是开启下一个AI时代的钥匙,04/01
./202204/01/t20220401_37455425.shtml,海尔热水器互联工厂入选“灯塔工厂”,04/01
./202204/01/t20220401_37455410.shtml,嘉里物流联网2021年业绩出炉：核心纯利增长102%,04/01
./202204/01/t20220401_37455399.shtml,中建三局：PC构件有了“数字身份证”,04/01
./202204/01/t20220401_37453345.shtml,鱼会做加减法？5以内，会！,04/01
./202203/31/t20220331_37451277.shtml,三星堆考古运用了哪些高科技？,03/31
../gnsz/gdxw/202203/31/t20220331_37450669.shtml,“就业+稳岗” 各地打出政策支持组合拳,03/31
../gnsz/gdxw/202203/31/t20220331_37450638.shtml,2022年全国中小企业网上百日招聘高校毕业生活动启动,03/31
./202203/31/t20220331_37450528.shtml,新研究：新西兰许多冰川可能于十年内消失,03/31
./202203/30/t20220330_37448219.shtml,科学家发现昼行性猫头鹰化石,03/30
./202203/30/t20220330_37447968.shtml,研究称冥王星上存在巨大冰火山 或暗示生命可能性,03/30
../gnsz/gdxw/202203/30/t20220330_37447960.shtml,教育部：严禁削减挤占体育课时间,03/30
../gnsz/gdxw/202203/30/t20220330_37447965.shtml,济南市9区中小学30日全面启动线上教学,03/30
../gnsz/gdxw/202203/30/t20220330_37447823.shtml,“一箭三星”！我国成功发射天平二号A、B、C卫星,03/30
../gnsz/gdxw/202203/30/t20220330_37447817.shtml,我国成功发射天平二号ABC三颗卫星 再次成功发射一箭三星,03/30
../gnsz/gdxw/202203/30/t20220330_37446934.shtml,像搭积木一样造火箭！长六改成功首飞的背后还有这些突破,03/30
../gnsz/gdxw/202203/30/t20220330_37446691.shtml,“出差三人组”即将返程，宇宙级精彩未完待续,03/30
../gnsz/gdxw/202203/30/t20220330_37446617.shtml,每月一项“黑科技” 最大无烟煤基地谋求低碳转身,03/30
../gnsz/gdxw/202203/30/t20220330_37447073.shtml,细分同类化专业、打造王牌专业……2022艺考招生新趋势,03/30
../gnsz/gdxw/202203/30/t20220330_37445757.shtml,中小学竞赛应回归教育本义,03/30
../gnsz/gdxw/202203/30/t20220330_37446913.shtml,我国首型“混动版”长征运载火箭面世,03/30
../gnsz/gdxw/202203/30/t20220330_37446864.shtml,行星极近、“连珠”伴月……4月精彩天象不断,03/30
./202203/29/t20220329_37445301.shtml,“金三银四”招聘季促就业实招密集而至,03/29
../gnsz/gdxw/202203/29/t20220329_37444705.shtml,考研调剂系统4月6日开通,03/29
./202203/29/t20220329_37444575.shtml,HICOOL商学院加速孵化营开营 致力打造海归科创企业“归国第一站”,03/29
../gnsz/gdxw/202203/29/t20220329_37444373.shtml,科学家发现6.02亿年前生物长大,03/29
../gnsz/gdxw/202203/29/t20220329_37444119.shtml,国家中小学智慧教育平台试运行期间最高日浏览量达6433万,03/29
../gnsz/gdxw/202203/29/t20220329_37444116.shtml,“国家高等教育智慧教育平台”首批上线2万门课程,03/29
../gnsz/gdxw/202203/29/t20220329_37443178.shtml,"""高考焦虑""成""中考焦虑""? 家长们""备战计划""提前至小学",03/29
../gnsz/gdxw/202203/28/t20220328_37439757.shtml,全国中小学生安全教育日：各地给孩子们送上“安全大礼包”,03/28
../gnsz/gdxw/202203/28/t20220328_37439741.shtml,《科学》杂志刊登我国脑机接口新技术,03/28
../gnsz/gdxw/202203/28/t20220328_37439682.shtml,中科大在量子信息基础研究中取得重要进展,03/28
../gnsz/gdxw/202203/28/t20220328_37439486.shtml,2022年考研复试陆续开启 部分高校明确考试线上进行,03/28
../gnsz/gdxw/202203/25/t20220325_37434785.shtml,我国科学家发现可同时提高水稻玉米产量的关键基因,03/25
./202203/25/t20220325_37434643.shtml,2月国内市场5G手机出货占比创五个月新低,03/25
../gnsz/gdxw/202203/25/t20220325_37433169.shtml,教育部等三部门发文 推广科技小院研究生培养模式,03/25
../gnsz/gdxw/202203/25/t20220325_37433265.shtml,神十三航天员下周将进入返回准备阶段,03/25
./202203/25/t20220325_37433249.shtml,2022年“强基计划”招生工作启动 新增三所试点高校,03/25
./202203/25/t20220325_37433232.shtml,太阳系外已发现5000多个“新世界”,03/25
./202203/25/t20220325_37433104.shtml,北京禁止中小学学科培训材料超出国家课程标准,03/25
./202203/25/t20220325_37433102.shtml,中国科学家揭示青藏高原夏季水循环特征,03/25
./202203/24/t20220324_37431809.shtml,小米12系列手机亮相中东市场,03/24
./202203/24/t20220324_37431573.shtml,百度百科联合百度超级链发行濒危动物数字藏品,03/24
./202203/24/t20220324_37431522.shtml,天文学家最新研究认为银河系约130亿年前形成,03/24
../gnsz/gdxw/202203/24/t20220324_37430942.shtml,北京市教委：中小学学科类校外培训材料不得超标超前,03/24
./202203/24/t20220324_37430722.shtml,国家发布重磅科技伦理治理文件：基因编辑、人工智能等技术研发将得到规范,03/24
../gnsz/gdxw/202203/24/t20220324_37429771.shtml,“天问一号”传回火星巡视区高分辨率影像,03/24
./202203/24/t20220324_37429613.shtml,2022年上海初中学业水平考试体育与健身科目统一测试暂停,03/24
./202203/24/t20220324_37429612.shtml,2022年留学市场将持续回暖,03/24
./202203/24/t20220324_37429593.shtml,NASA确认系外行星超过5000颗,03/24
./202203/24/t20220324_37429506.shtml,教育部：从严从实做好教育系统疫情防控工作,03/24
./202203/24/t20220324_37429437.shtml,两千四百余节“基础教育精品课”即将上线,03/24
./202203/24/t20220324_37429426.shtml,澳研究发现黑色素瘤与自身免疫性疾病存在基因关联,03/24
./202203/23/t20220323_37427575.shtml,中信智慧水务以数字化助力节水爱水护水,03/23
./202203/23/t20220323_37427571.shtml,“酒钢造”热轧卷板批量供货西藏重点水利工程,03/23
./202203/23/t20220323_37427567.shtml,全面加速全球化进程，复星医药持续强化创新,03/23
./202203/23/t20220323_37427556.shtml,嘉里物流联网收购康复设备供应商普康医学仪器,03/23
./202203/23/t20220323_37427281.shtml,《自然》系列期刊2023年将新增三刊,03/23
./202203/23/t20220323_37426699.shtml,考研日渐“高考化”，如何避免过度内卷,03/23
../gnsz/gdxw/202203/23/t20220323_37425498.shtml,考研日渐“高考化”，如何避免过度内卷,03/23
../gnsz/gdxw/202203/23/t20220323_37425806.shtml,迄今最小磁悬浮人工心脏移植成功，地道“中国心”,03/23
./202203/22/t20220322_37424458.shtml,又一颠覆性突破！中国科学家诱导出“最年轻”人类全能干细胞,03/22
./202203/22/t20220322_37423812.shtml,2021年中国云计算市场规模达274亿美元 百度智能云进入加速增长通道,03/22
./202203/22/t20220322_37423802.shtml,教育部：严禁无资质机构入校开展视力检测,03/22
./202203/22/t20220322_37422970.shtml,重启探月时代？NASA展示新月球火箭,03/22
./202203/22/t20220322_37422956.shtml,《2021中国大学生创业报告》发布,03/22
../gnsz/gdxw/202203/22/t20220322_37422613.shtml,各地多举措提升高校毕业生就业服务质量,03/22
../gnsz/gdxw/202203/22/t20220322_37421911.shtml,教育部：严禁无资质机构入校开展视力检测,03/22
./202203/21/t20220321_37420835.shtml,“AI+知识管理”为企业数智升级注入新动力,03/21
./202203/21/t20220321_37420318.shtml,"引导负责任的招聘行为,前程无忧设立“优选雇主”推荐机制",03/21
../gnsz/gdxw/202203/21/t20220321_37419261.shtml,中国天眼给力！重复快速射电暴“身份证”找到,03/21
../gnsz/gdxw/202203/21/t20220321_37419272.shtml,不能使用耳机！多所高校明确：考研复试线上进行,03/21
./202203/20/t20220320_37417432.shtml,宇宙某地，时光能够倒流？,03/20
./202203/20/t20220320_37417434.shtml,全球首次破解女性更易患阿尔茨海默病谜团 武大科研团队获奖千万,03/20
./202203/19/t20220319_37416191.shtml,蜘蛛、恐龙、鸟……这些动物会放屁吗？,03/19
./202203/18/t20220318_37415459.shtml,推进垃圾分类工作 优化学校投放环境,03/18
../gnsz/gdxw/202203/18/t20220318_37413891.shtml,中国气象局气候变化中心发布“2021年度气候变化十大科学事件”,03/18
./202203/18/t20220318_37413880.shtml,韦布望远镜再传回照片 背景古老星系抢眼,03/18
./202203/17/t20220317_37411918.shtml,专家共话数字经济下医疗健康产业的沉淀与焕新,03/17
./202203/17/t20220317_37411917.shtml,知乎两会主题问答科技话题受关注,03/17
./202203/17/t20220317_37411415.shtml,“全空间GIS平台在实景三维领域创新与实践”大讲堂举办,03/17
../gnsz/gdxw/202203/17/t20220317_37411147.shtml,教育部：高校要严格落实思政课的实践教学学时学分,03/17
../gnsz/gdxw/202203/17/t20220317_37409767.shtml,人社部等十部门实施百万就业见习岗位计划,03/17
../gnsz/gdxw/202203/17/t20220317_37409300.shtml,"""一个人""的课堂也精彩 直击南京中小学的""网课新体验""",03/17
../gnsz/gdxw/202203/17/t20220317_37409261.shtml,北京海淀今年新增学位1万个,03/17
../gnsz/gdxw/202203/16/t20220316_37407629.shtml,2022年上半年全国大学英语四、六级考试报名工作启动,03/16
../gnsz/gdxw/202203/16/t20220316_37405394.shtml,联防联控机制权威发布：高校出现疫情应及时启动应急预案,03/16
./202203/16/t20220316_37407395.shtml,女性更易患阿尔兹海默症的原因找到了,03/16
./202203/16/t20220316_37407223.shtml,教育数字化助力残障人士就业 网易云课堂携手微软免费提供职教,03/16
../gnsz/gdxw/202203/16/t20220316_37406430.shtml,高精尖缺：本科专业调整关键词,03/16
../gnsz/gdxw/202203/16/t20220316_37405889.shtml,元宇宙、自动驾驶…美科技五巨头疯狂砸钱的前沿技术,03/16
../gnsz/gdxw/202203/16/t20220316_37405859.shtml,“体温低”也能延寿? 科学家指出活得“凉爽”寿命变长,03/16
../gnsz/gdxw/202203/16/t20220316_37405396.shtml,收取快递如何做好个人防护?,03/16
./202203/16/t20220316_37406368.shtml,四部门规范面向中小学生全国性竞赛活动，有何调整？专家解读,03/16
./202203/16/t20220316_37406109.shtml,黑龙江省普通专升本招生考试推迟,03/16
../gnsz/gdxw/202203/15/t20220315_37402926.shtml,教育部等四部门：严禁把竞赛结果作为中小学招生入学依据,03/15
./202203/15/t20220315_37402510.shtml,我国首次使用国产自主卫星测出全球重力场数据,03/15
./202203/15/t20220315_37402491.shtml,体育美育进中考了，孩子需要上培训班吗,03/15
./202203/15/t20220315_37402478.shtml,科研浮夸风让关于“钱学森之问”的思考愈发沉重,03/15
./202203/14/t20220314_37400170.shtml,华熙生物发布2021年报 同比增长21.13%,03/14
../gnsz/gdxw/202203/14/t20220314_37398683.shtml,“双减”落地超半年 教育生态如何重构,03/14
./202203/12/t20220312_37395915.shtml,北京冬奥会上的国内创新技术――反兴奋剂“黑科技”可十年内复检血样,03/12
./202203/23/t20220323_37427690.shtml,2万份调查问卷收集市民意见 天府新区“理想校园”今年将开工建设,03/23
./202203/11/t20220311_37394369.shtml,研究：濒死之时脑电波活跃，大脑或在回味人生,03/11
./202203/11/t20220311_37394191.shtml,书香飘千家 和美扬家风,03/11
../gnsz/gdxw/202203/10/t20220310_37389624.shtml,今年高校毕业生首次突破千万 如何帮他们走好就业第一步?,03/10
./202203/10/t20220310_37391517.shtml,教育帮扶，助力乡村振兴,03/10
./202203/10/t20220310_37389792.shtml,如何帮毕业生走好就业第一步,03/10
../gnsz/gdxw/202203/10/t20220310_37389747.shtml,聚焦两会丨我国成立首个深空探测实验室 计划2030年之前实施火星采样返回,03/10
../gnsz/gdxw/202203/10/t20220310_37389728.shtml,代表委员畅言未来发展 探月工程四期任务有何计划？如何安排？,03/10
../gnsz/gdxw/202203/09/t20220309_37387377.shtml,两会声音丨唐校长又来了：因材施教，让每一个人都得到个性化发展,03/09
./202203/09/t20220309_37387335.shtml,枣庄学院举行2022年春季援疆实习支教出征仪式,03/09
../gnsz/gdxw/202203/08/t20220308_37382749.shtml,2022，“就业优先” 如何落实落细？,03/08
./202203/04/t20220304_37375582.shtml,"听障人士的""有声桥梁"":百度智能云曦灵-AI手语平台发布",03/04
./202203/04/t20220304_37375552.shtml,科技助力“引汉济渭”工程建设,03/04
./202203/04/t20220304_37375549.shtml,我科学家首次在国际提出小儿门脉高压Rex手术分型,03/04
../gnsz/gdxw/202203/03/t20220303_37370863.shtml,考取证书可获数万元挂靠费？碳排放管理师报考乱象调查,03/03
../gnsz/gdxw/202203/03/t20220303_37370937.shtml,多校提前停招高水平艺术团，降分考名校捷径收窄,03/03
../gnsz/gdxw/202203/03/t20220303_37371007.shtml,“双减”成效调查显示：超八成受访学生未参加校外学科培训,03/03
./202203/02/t20220302_37369931.shtml,史上最硬核！揭秘“长江口二号”古沉船打捞方案,03/02
../gnsz/gdxw/202203/02/t20220302_37369058.shtml,中国水下考古大发现！“长江口二号”古船启动打捞,03/02
./202203/02/t20220302_37369089.shtml,图灵量子启动国内第一条光子芯片中试线建设,03/02
../gnsz/gdxw/202203/02/t20220302_37368851.shtml,我国最大水下木质沉船整体打捞,03/02
./202203/02/t20220302_37368569.shtml,实现数亿元天使轮融资 云骥智行开启自动驾驶新赛道,03/02
../gnsz/gdxw/202203/01/t20220301_37365355.shtml,2021年全国教育事业统计主要结果,03/01
./202202/28/t20220228_37361992.shtml,2021年度中国科学十大进展发布,02/28
../gnsz/gdxw/202202/28/t20220228_37360854.shtml,一箭22星！开启共享火箭“拼车”新模式,02/28
./202202/27/t20220227_37359572.shtml,二十四节气：凡有井水处，皆知节气歌,02/27
./202202/27/t20220227_37359571.shtml,二十四节气的科学记载与传承,02/27
./202202/25/t20220225_37356040.shtml,所有人的祖先在这儿呢：有史以来最大人类家谱建成,02/25
./202202/25/t20220225_37356032.shtml,新一代载人运载火箭或用新型垂直起降回收方案,02/25
./202202/25/t20220225_37356024.shtml,冬奥碰上“双减” 这个寒假 课外体育教培从业者有点忙,02/25
../gnsz/gdxw/202202/23/t20220223_37350924.shtml,教育部：力争让更多职业学校毕业生接受高质量职业本科教育,02/23
../gnsz/gdxw/202202/23/t20220223_37350789.shtml,科学家发现3300万年前粪便上的鳄鱼足印,02/23
./202202/22/t20220222_37346983.shtml,从开幕到闭幕……中国航天为北京冬奥增添科技色彩,02/22
./202202/22/t20220222_37346981.shtml,热木星黑暗面神秘面纱首次揭示,02/22
./202202/22/t20220222_37346972.shtml,“怎么有这么多400+！”考研初试放榜，查完分的你还好吗？,02/22
./202202/22/t20220222_37346903.shtml,2022年：这些技术发展趋势不容忽视,02/22
./202202/22/t20220222_37346900.shtml,中国科学家论坛主席陈贵：假设是种特殊能力,02/21
../gnsz/gdxw/202202/21/t20220221_37342941.shtml,2022考研放榜！多地明确考生可申请成绩复核,02/21
../gnsz/gdxw/202202/18/t20220218_37338781.shtml,各地迎来学生返校高峰 交通运输部门贴心护航,02/18
./202202/18/t20220218_37339217.shtml,四川：“梯次培育链计划”打造高技能人才大军,02/18
./202202/17/t20220217_37337525.shtml,国产量子计算软硬件结合迈出重要一步,02/17
./202202/17/t20220217_37336866.shtml,教育部颁布《中小学法治副校长聘任与管理办法》,02/17
./202202/17/t20220217_37336865.shtml,序贯加强康希诺新冠疫苗 中和抗体水平超灭活同源加强5倍,02/17
./202202/17/t20220217_37336736.shtml,超万名科研人员研发212项技术落地冬奥,02/17
./202202/17/t20220217_37336434.shtml,北京：所有学龄前儿童教培应用拟停止运行,02/17
./202202/17/t20220217_37336429.shtml,多省份启动公务员招录 继续向基层、应届生倾斜,02/17
./202202/17/t20220217_37336421.shtml,解码科技冬奥 这些“黑科技”也将“飞入寻常百姓家”,02/17
./202202/17/t20220217_37336417.shtml,人类未来最终文明――碳基文明,02/15
../gnsz/gdxw/202202/17/t20220217_37335145.shtml,北京拟叫停学龄前儿童培训教育App,02/17
./202203/28/t20220328_37441394.shtml,齐植廉洁树 共建爱心林,03/28
./202202/16/t20220216_37332929.shtml,世卫组织：奥密克戎亚变体毒株BA.2更易传播,02/16
../gnsz/gdxw/202202/15/t20220215_37330663.shtml,教育部发布2022年基础教育工作要点,02/15
../gnsz/gdxw/202202/15/t20220215_37329287.shtml,16个首轮“双一流”建设学科被公开警示或撤销，如何看待,02/15
../gnsz/gdxw/202202/14/t20220214_37326184.shtml,多所高校发布毕业生就业报告 名校毕业生去哪儿就业?,02/14
./202202/12/t20220212_37324675.shtml,南昌虚拟现实主题乐园入选全国科普教育基地,02/12
../gnsz/gdxw/202202/11/t20220211_37321552.shtml,2021年度我国青年发展领域十件大事：教育“双减”、三孩生育等入选,02/11
./202202/11/t20220211_37322817.shtml,新时代文明实践活动点亮寒假,02/11
../gnsz/gdxw/202202/10/t20220210_37318647.shtml,我国科学家在多个前沿科技领域实现关键核心技术新突破,02/10
./202202/09/t20220209_37316809.shtml,创新智慧观赛体验 助力“科技冬奥”走近大众,02/09
../gnsz/gdxw/202202/08/t20220208_37313387.shtml,教育部2022年工作要点,02/08
../gnsz/gdxw/202202/07/t20220207_37309695.shtml,我国科学家量子模拟研究取得重大突破――首次观测到费米超流中的熵波临界发散,02/07
./202203/22/t20220322_37424442.shtml,我为群众办实事 义诊回访送健康,03/22
./202202/06/t20220206_37308050.shtml,数字科技+美学创新 北京冬奥会开幕式点亮世界最大地屏,02/06
../gnsz/gdxw/202201/30/t20220130_37301739.shtml,教育部部署做好2022年普通高校招生工作,01/30
../gnsz/gdxw/202201/29/t20220129_37300227.shtml,教育部：完善高职院校分类考试 积极推进“文化素质+职业技能”评价方式,01/29
../gnsz/gdxw/202201/29/t20220129_37300224.shtml,教育部召开全国视频会议部署非学科类校外培训收费监管工作 坚决防范侵害人民群众利益问题,01/29
../gnsz/gdxw/202201/29/t20220129_37300155.shtml,2022年春节缘何没有“大年三十”？,01/29
../gnsz/gdxw/202201/28/t20220128_37297863.shtml,我国科学家研发出新型快速抗抑郁化合物,01/28
../gnsz/gdxw/202201/28/t20220128_37297765.shtml,教育部：遏制非学科类校外培训恶意涨价、倾销课程,01/28
../gnsz/gdxw/202201/28/t20220128_37297677.shtml,寒假多场景近视防控问答,01/28
../gnsz/gdxw/202201/28/t20220128_37297675.shtml,教育部召开当前非学科类校外培训收费情况座谈会,01/28
./202201/28/t20220128_37296657.shtml,砂糖橘吃多了皮肤真的会变黄,01/28
./202201/27/t20220127_37294530.shtml,全力打造与区域经济社会发展联系紧密的应用技术型大学,01/27
../gnsz/gdxw/202201/27/t20220127_37292139.shtml,提升毕业生竞争力 这些高校对就业困难群体精准帮扶,01/27
./202201/26/t20220126_37290193.shtml,BSN-DDC基础网络正式上线,01/26
../gnsz/gdxw/202201/26/t20220126_37289743.shtml,我国成功发射L-SAR 01组A星,01/26
./202201/25/t20220125_37287450.shtml,詹姆斯・韦布空间望远镜顺利入轨,01/25
./202201/25/t20220125_37287417.shtml,《我们的冬奥》为小朋友讲述冰雪运动故事,01/25
./202201/25/t20220125_37287392.shtml,腾讯智慧零售走进北大光华课堂 数字化助力企业转型,01/25
./202201/25/t20220125_37287247.shtml,深圳罗湖试点个性化运动任务打卡,01/25
./202201/25/t20220125_37287238.shtml,视像协会与京东家电推出《冰雪赛事优质观赛大屏推荐指南》,01/25
./202201/25/t20220125_37286568.shtml,美国航天局：詹姆斯・韦伯太空望远镜已抵达其目的地,01/25
../gnsz/gdxw/202201/24/t20220124_37281484.shtml,空间站生活忙碌又精彩 神舟十三航天员太空旅程过半,01/24
./202201/21/t20220121_37278546.shtml,共青团顺平县委员会扎实推进未成年人保护工作,01/21
./202201/21/t20220121_37278156.shtml,腾讯电竞与欧愉科技达成电竞酒店战略合作,01/21
../gnsz/gdxw/202201/21/t20220121_37278131.shtml,河南发布寒假通知，参加违规培训纳入学生个人管理档案,01/21
../gnsz/gdxw/202201/21/t20220121_37278124.shtml,教育部：推进师范生免试认定改革 吸引优秀人才任教,01/21
./202201/21/t20220121_37278061.shtml,剑维软件举办行业峰会推动产业数字化,01/21
./202201/21/t20220121_37278018.shtml,小马智行公开下一代自动驾驶系统设计,01/21
./202201/21/t20220121_37277956.shtml,“沸腾”成2021中国青年关键词,01/21
../gnsz/gdxw/202201/21/t20220121_37277496.shtml,教育部针对强制实习收费实习等划定红线,01/21
./202201/20/t20220120_37274861.shtml,中国原研CD19 CAR-T创新药走向全球,01/20
./202201/20/t20220120_37274840.shtml,高分辨率多模综合成像卫星正式投入使用,01/20
./202201/20/t20220120_37274485.shtml,区校联动共开新局，上海宝山与上海海洋大学携手赋能科创中心建设,01/20
./202201/20/t20220120_37274477.shtml,糖制成的可回收塑料面世,01/20
./202201/20/t20220120_37274444.shtml,康基医疗订立股权投资协议,01/20
./202201/20/t20220120_37274429.shtml,虚实交互、体娱联动  咪咕冬奥嘉宾天团亮相,01/20
../gnsz/gdxw/202201/20/t20220120_37273860.shtml,新一线和二线城市吸引力增强 大学生就业有哪些新动向？,01/20
../gnsz/gdxw/202201/20/t20220120_37273314.shtml,我国光纤量子密钥分发距离创世界纪录,01/20
./202201/19/t20220119_37271426.shtml,国防科技主题科幻征文大赛启动,01/19
./202201/19/t20220119_37271425.shtml,研究发现：母婴传播新冠病毒可能很罕见,01/19
./202201/19/t20220119_37271424.shtml,《自然―通讯》发布研究成果：噬菌体疗法可助治疗超级细菌感染,01/19
./202201/19/t20220119_37269905.shtml,汤加海底火山喷发影响几何？会造成“无夏之年”吗？一问到底,01/19
./202201/18/t20220118_37266534.shtml,两院院士评选“2021年中国/世界十大科技进展新闻”揭晓,01/18
./202201/17/t20220117_37263130.shtml,天津大学：开展“致敬最美逆行者”寒假云课堂,01/17
../gnsz/gdxw/202201/17/t20220117_37262396.shtml,西安低风险区高校学生开始错峰有序返乡,01/17
./202201/16/t20220116_37260768.shtml,冰雪盛会倒计时 《冰雪少年》抢鲜版燃情登场,01/16
./202201/16/t20220116_37260736.shtml,百度李士岩：两年内每个人有望实现“数字人自由”,01/16
./202201/14/t20220114_37257184.shtml,年度热词出炉，看知名词典“盘点”2021,01/14
./202201/14/t20220114_37257141.shtml,收藏！2022年国家职业资格考试时间表公布,01/14
../gnsz/gdxw/202201/14/t20220114_37255922.shtml,应届生找工作看重哪些方面？薪资福利待遇、行业发展前景、企业知名度排前三,01/14
./202201/13/t20220113_37253588.shtml,工程病毒样颗粒能有效地体内传递治疗性蛋白质,01/13
./202201/12/t20220112_37248708.shtml,小学低年级没作业 如何巩固知识？专家支招,01/12
./202201/12/t20220112_37248594.shtml,“双减”180天,01/12
./202201/11/t20220111_37247991.shtml,科普：猪心移植给人背后有哪些科技突破,01/11
./202201/11/t20220111_37247408.shtml,嫦娥五号新发现！1吨月壤大约有120克水,01/11
./202201/11/t20220111_37246663.shtml,全球前十最创新公司榜单公布 华为腾讯百度等中国科技企业入选,01/11
./202201/11/t20220111_37245677.shtml,2022国考调剂公告发布 想“捡漏”你得先了解这些……,01/11
../gnsz/gdxw/202201/10/t20220110_37242774.shtml,2022年度“国考”笔试合格分数线公布,01/10
./202201/10/t20220110_37242052.shtml,“中国天眼”迎来多项重磅成果 开启人类理解恒星形成新模式,01/10
../gnsz/gdxw/202201/10/t20220110_37241948.shtml,教育部印发《普通高中学校办学质量评价指南》,01/10
./202201/07/t20220107_37237759.shtml,护目镜、眼镜不再起雾？科研人员有妙招,01/07
./202201/07/t20220107_37237488.shtml,科学看“手相”：肢体发育基因控制指纹图案,01/07
./202201/07/t20220107_37237348.shtml,教育部印发通知部署做好寒假期间双减工作,01/07
./202201/07/t20220107_37237346.shtml,“十四五”我国开展政府补贴性职业技能培训将超7500万人次,01/07
./202201/07/t20220107_37237331.shtml,闻味识动物！空气里含有足够DNA来识别动物园中动物,01/07
./202201/07/t20220107_37236898.shtml,教育智能硬件市场规模将高速增长,01/07
./202201/07/t20220107_37236114.shtml,世卫组织：第一代新冠疫苗仍可有效减少住院和死亡,01/07
./202201/07/t20220107_37235934.shtml,韦伯空间望远镜巨幅遮阳板展开 将为观测提供必要保障,01/07
./202201/06/t20220106_37234300.shtml,发挥好职业教育的促进作用  贵州举办论坛纵论乡村振兴,01/06
./202201/06/t20220106_37234181.shtml,2021年度百度数码星标大奖网友投票通道开启,01/06
./202201/06/t20220106_37233684.shtml,具备L4级自动驾驶能力的集度汽车机器人2023年上市,01/06
./202201/06/t20220106_37233631.shtml,孕早期健康饮食可降低妊娠期糖尿病风险,01/06
./202201/06/t20220106_37233623.shtml,2022年世界科技形势展望：科学抗疫争朝夕 九天揽月不是梦,01/06
./202201/06/t20220106_37233414.shtml,FAST真劳模！年观测时长超过5300小时收获了啥？,01/06
./202201/06/t20220106_37232511.shtml,中国天眼FAST发现脉冲星约500颗,01/06
./202201/06/t20220106_37232488.shtml,刷新世界纪录！太赫兹实时传输净速率超100Gbps,01/06
./202201/06/t20220106_37232485.shtml,教育部：把实验室安全教育纳入学生培养环节,01/06
./202202/18/t20220218_37340039.shtml,“第二届爱莲杯全国中老年文艺汇演”网络直播活动举行,02/18
./202201/06/t20220106_37232483.shtml,变暖速度远高于全球平均 极地“火气大”成因复杂,01/06
./202201/06/t20220106_37232482.shtml,中国天眼进入“多出成果”“出好成果”新阶段,01/06
./202201/06/t20220106_37232473.shtml,中国“人造太阳”运行时间破千秒,01/06
./202201/06/t20220106_37232411.shtml,空间站机械臂转位货运飞船试验取得圆满成功,01/06
./202201/05/t20220105_37230411.shtml,3D建模、风洞实验……高山滑雪背后的“科技范儿”,01/05
./202201/05/t20220105_37230344.shtml,不得了！人工智能已经开始给自己挣钱了,01/05
./202201/05/t20220105_37230338.shtml,首个中国原研CDK4/6抑制剂获批上市，为乳腺癌患者带来新选择,01/05
./202201/05/t20220105_37230337.shtml,新型眼药水能“治好”老花眼？专家有话说,01/05
../gnsz/gdxw/202201/05/t20220105_37228800.shtml,撤点并校VS让教育回村，乡村教育振兴路在何方?,01/05
./202201/04/t20220104_37227022.shtml,网易有道携手博鳌亚洲论坛 助力国际交流,01/04
./202201/04/t20220104_37225871.shtml,5G冰雪助威曲《准备好》奏响冰雪盛会“前奏”,01/04
./202201/04/t20220104_37225361.shtml,“海归”还是“海待”：今天，我们该如何看待出国留学,01/04
../gnsz/gdxw/202201/04/t20220104_37224514.shtml,教育、制造业、IT……2021年哪些岗位受高校毕业生欢迎,01/04
./202201/03/t20220103_37223552.shtml,中国第二台“华龙一号”核电机组并网发电,01/03
../gnsz/gdxw/202112/31/t20211231_37218708.shtml,2021中国航天发射圆满收官 年发射55次居世界第一,12/31
./202112/30/t20211230_37217676.shtml,我国一发射工位航天发射次数率先破百,12/30
./202112/30/t20211230_37217674.shtml,火箭试验队升级舒服时尚“新装备”,12/30
./202112/30/t20211230_37217251.shtml,华为全屋智能授权体验店在深圳开业,12/30
./202112/30/t20211230_37217250.shtml,驭势科技首批机坪无人驾驶行李牵引车落地乌鲁木齐,12/30
./202112/30/t20211230_37217240.shtml,统信教育助力浙江金华信创加速度,12/30
./202201/14/t20220114_37257202.shtml,2022ICT行业趋势年会在北京举办,01/14
./202112/30/t20211230_37217223.shtml,开拓产学研新边界 网易有道获批设立博士后科研工作站,12/30
../gnsz/gdxw/202112/30/t20211230_37215513.shtml,天寒地冻，12月的“热门”谣言也该凉了,12/30
../gnsz/gdxw/202112/29/t20211229_37212507.shtml,2022届高校毕业生预计1076万人 规模和增量均创历史新高,12/29
./202112/29/t20211229_37213614.shtml,科研人员系统阐述莴苣生物活性特性及健康功效,12/29
./202112/29/t20211229_37213522.shtml,抗体和疫苗对奥密克戎变异株还有效吗？《自然》连发５篇论文探讨,12/29
./202112/28/t20211228_37210947.shtml,视频号建立医患有效连接 微信支付助力线上门诊服务新升级,12/28
./202112/28/t20211228_37210750.shtml,2021年全国高等学校民航服务技能大赛落幕,12/28
../gnsz/gdxw/202112/28/t20211228_37208459.shtml,“天价考研房”：市场规律还是商家“任性”?,12/28
./202112/27/t20211227_37207187.shtml,打造泛知识学习型社区 有道词典招募知识创作者,12/27
./202112/26/t20211226_37204083.shtml,我国成功发射资源一号02E卫星,12/26
./202112/26/t20211226_37203392.shtml,钱学森给VR取名“灵境” 科技名词“中国味”的战略考量,12/26
./202112/24/t20211224_37201332.shtml,2021百度奖学金十强出炉 累计投入2000万培养中国优秀AI人才,12/24
../gnsz/gdxw/202112/24/t20211224_37199792.shtml,2022考研有哪些新趋势？部分考生不再一味追求名校,12/24
./202112/24/t20211224_37200586.shtml,岳麓山大学科技城发布科创服务平台及成果转化政策,12/24
../gnsz/gdxw/202112/23/t20211223_37195701.shtml,年终盘点：2021年我们探索太空的脚步迈得更稳更远,12/23
./202112/22/t20211222_37193043.shtml,科学家在一恐龙蛋化石中发现全球迄今为止科学记录最完整的恐龙胚胎,12/22
./202112/22/t20211222_37193873.shtml,北京市困难人员养老保险可享政府代缴保费,12/22
./202112/22/t20211222_37193827.shtml,教育部：76.2%的中小学生睡眠时间达9小时,12/22
./202112/22/t20211222_37193825.shtml,“希壤”开放内测 百度AI开发者大会将在“希壤”中举办,12/22
./202112/22/t20211222_37193768.shtml,中国焊接技能大师特训班启动仪式在北京举行,12/22
./202112/22/t20211222_37193725.shtml,硅宝科技携手采筑平台共同打造供应链生态圈,12/22
./202112/21/t20211221_37191094.shtml,清华大学发布新一代数据确权与交易关键技术,12/21
./202112/21/t20211221_37191044.shtml,“京山最强音”红歌故事会文艺演出举办,12/21
./202112/21/t20211221_37190933.shtml,首届PKS安全先进计算生态大会将在津举行,12/21
./202112/20/t20211220_37188524.shtml,中国天眼已开启“多出成果”“出好成果”阶段,12/20
./202112/20/t20211220_37187640.shtml,2021年泸州市职工民法典知识竞赛决赛举行,12/20
./202112/20/t20211220_37187305.shtml,英国商品研究所推出碳排放分析工具 助力企业可持续发展,12/20
./202112/16/t20211216_37176279.shtml,欧俄联合探测项目在火星大峡谷发现大量水的存在,12/16
./202112/16/t20211216_37177910.shtml,共谋智慧教育新发展，有道与苏州市政府达成战略合作,12/16
./202112/16/t20211216_37176242.shtml,北极圈内最高温达到38℃ 北极熊还好吗？南极情况怎么样？,12/16
./202112/15/t20211215_37175178.shtml,平益高速白泥湖湘江特大桥全幅贯通,12/15
./202112/15/t20211215_37175177.shtml,中国石化页岩油勘探再获战略突破,12/15
./202112/15/t20211215_37173678.shtml,NASA“帕克”太阳探测器穿过日冕 成为首个“接触”太阳的航天器,12/15
./202112/15/t20211215_37174335.shtml,前程无忧报告：这些行业秋招2022应届毕业生需求最多,12/15
./202112/15/t20211215_37174256.shtml,斯微生物：运用新型递送技术，将实现mRNA技术平台研制药物新突破,12/15
./202112/15/t20211215_37172448.shtml,新加坡科学家发现新型葡萄球菌,12/15
./202112/14/t20211214_37170895.shtml,聚焦汉唐时期 国家文物局通报3项重要考古成果,12/14
./202112/14/t20211214_37170548.shtml,《青少年科学看点榜单》激发青少年对科学知识的兴趣,12/14
./202112/13/t20211213_37166818.shtml,百度王海峰：推进AI融合创新 让人工智能更好服务生活,12/13
./202112/12/t20211212_37164276.shtml,星空有约丨双子座流星雨14日迎来极大,12/12
./202112/12/t20211212_37164262.shtml,带你了解植物的“红娘”,12/10
./202112/12/t20211212_37164225.shtml,【晒晒咱的国之重器10】基因编辑的精准“剪刀”,12/12
./202112/12/t20211212_37163944.shtml,“双减”下，教师如何应对新挑战,12/12
./202112/12/t20211212_37163947.shtml,四川规范线上学科类校外培训 拟每人每课时收费20元,12/12
./202112/12/t20211212_37163946.shtml,国产纳米孔基因测序技术踏入市场化进程,12/12
./202112/09/t20211209_37157629.shtml,“天宫课堂”地表最强课程清单来了！,12/09
./202112/09/t20211209_37157628.shtml,17年探月工程“六战六捷” 功不可没的“长征”火箭都承担了哪些任务→,12/09
./202112/09/t20211209_37157627.shtml,对话神十二航天员乘组：“出差”归来，还想飞天,12/09
./202112/09/t20211209_37157626.shtml,教育部有关部门负责人就《普通话水平测试管理规定》答记者问,12/09
./202112/09/t20211209_37157625.shtml,教育部颁布《普通话水平测试管理规定》,12/09
./202201/04/t20220104_37226850.shtml,四川建筑工地开启迎“新”模式,01/04
./202112/09/t20211209_37157624.shtml,北京中小学生今后体育怎么考？家长们看过来,12/09
./202112/09/t20211209_37157623.shtml,北京中考体育新增兵乓球，供学生挑选,12/09
./202112/09/t20211209_37157622.shtml,北京发布学校体育改革方案：目标是崇尚快乐体育 以体育人,12/09
./202112/09/t20211209_37157621.shtml,北京：体质健康考核时间为四年级、六年级、八年级第一学期 占比30分,12/09
./202112/09/t20211209_37157620.shtml,北京：针对“应试体育”等问题 体育与健康考核评价将考虑个体差异性,12/09
./202112/09/t20211209_37157619.shtml,上课铃响了！回顾奇妙天宫课堂 走近梦开始的地方,12/09
./202112/09/t20211209_37157597.shtml,中国教育学会重点课题教学实践交流会在南昌举行,12/09
./202112/07/t20211207_37148633.shtml,科技部等十部门开展科技成果评价改革试点,12/07
./202112/06/t20211206_37145717.shtml,我国万米深潜次数和人数居世界首位,12/06
./202112/06/t20211206_37144982.shtml,用手机学习，到底是“学会”了还是“学废”了,12/06
./202112/06/t20211206_37144958.shtml,“双减”之后，教师面临的“加减乘除”,12/06
./202112/06/t20211206_37144256.shtml,“双减”政策下，变化悄然发生,12/06
./202112/06/t20211206_37144205.shtml,国际天文联合会将23692号小行星命名为“南大天文学子星”,12/06
./202112/05/t20211205_37143018.shtml,7日至9日天宇上演月“拜”三星趣味天象,12/05
./202112/05/t20211205_37142494.shtml,第九届范敬宜新闻教育奖颁发,12/05
./202112/05/t20211205_37142489.shtml,全国高校2022届毕业生教育人才招聘会线上线下同步启动,12/05
./202112/03/t20211203_37139575.shtml,微信支付亮相CNBC全球科技大会 探讨数字化加速下的公益新基建,12/03
./202112/02/t20211202_37134842.shtml,“奥密克戎”为何让全球“一级戒备”？,12/02
./202112/02/t20211202_37134711.shtml,“双减”带来哪些变化,12/02
./202112/02/t20211202_37134710.shtml,距地球最近一对超大质量黑洞现身,12/02
./202112/02/t20211202_37134709.shtml,中国算力崛起，科技巨头唱主角,12/02
./202112/01/t20211201_37132063.shtml,我国科研人员在DNA存储领域取得新突破,12/01
./202111/30/t20211130_37128591.shtml,30年前，钱学森就给VR起名为“灵境”,11/30
./202111/30/t20211130_37128577.shtml,教育部公开曝光第八批8起违反教师职业行为十项准则典型案例,11/30
../gnsz/gdxw/202111/29/t20211129_37122919.shtml,银河系“羽毛”首次现形 形成原因仍是未解之谜,11/29
./202201/12/t20220112_37250646.shtml,微信首场“碳中和”公开课广州开讲,01/12
./202111/25/t20211125_37115127.shtml,交通大数据+人工智能 科技支撑区域综合治理,11/25
./202111/24/t20211124_37112764.shtml,浙江舟山发现一处6000年前河姆渡文化遗址,11/24
./202111/23/t20211123_37109019.shtml,山东一旧石器遗址出土距今9.9万年的磨制骨器,11/23
./202111/23/t20211123_37109003.shtml,太湖水质近5年最佳 总磷反弹势头得到遏制,11/23
./202111/23/t20211123_37108386.shtml,美研制出高性能全息相机,11/23
./202111/22/t20211122_37105731.shtml,研究发现：青藏高原柳属高山灌木线80年间爬升59.3米,11/22
./202111/22/t20211122_37105726.shtml,北京冬奥会张家口赛区系列测试活动启幕,11/22
./202111/22/t20211122_37105591.shtml,国博展出万年前的“一粒米”,11/22
./202111/22/t20211122_37104543.shtml,辽宁：校外培训机构预收费全部纳入监管范围,11/22
./202111/21/t20211121_37102155.shtml,“世界儿童日”：保定与世界互联，为儿童点亮未来,11/21
./202111/19/t20211119_37099602.shtml,多国科学家在线共商空间技术和平利用解决方案,11/19
./202111/19/t20211119_37098811.shtml,美媒：新冠病毒正在美国野生动物中传播,11/19
./202111/19/t20211119_37098837.shtml,助力产业升级，共启国产化自主创新之路,11/19
./202111/19/t20211119_37098637.shtml,新冠抗体研发获得新突破,11/19
./202111/17/t20211117_37091001.shtml,全力保障随迁子女接受优质义务教育,11/17
./202111/17/t20211117_37090706.shtml,北半球陆地上月创140多年来同期最热纪录,11/17
./202111/16/t20211116_37089495.shtml,“元宇宙”到底是个啥？,11/16
./202111/15/t20211115_37086625.shtml,双曲线一号遥五运载火箭完成飞行故障归零,11/15
./202111/15/t20211115_37086363.shtml,痛别“杂交水稻之父”！袁隆平院士骨灰在长沙安葬,11/15
./202111/15/t20211115_37085579.shtml,老而不衰或将实现，中国科学家破译出部分衰老密码,11/15
./202111/13/t20211113_37081910.shtml,教育部：各地各校要建立违反师德案例通报制度,11/13
./202111/13/t20211113_37081911.shtml,将培养培训高技能人才200万人以上,11/13
./202111/11/t20211111_37077895.shtml,“十四五”我国将持续提升技工院校毕业生待遇,11/11
./202111/11/t20211111_37077871.shtml,为啥医学影像检查不是“拍立得”？,11/11
./202111/11/t20211111_37077598.shtml,申请季来了 这些留学新规应该知道,11/11
./202111/11/t20211111_37077113.shtml,地球轨道变化可触发气候突变,11/11
./202111/11/t20211111_37077109.shtml,大数据分析表明昆虫多样性与碳排放密切关联,11/11
./202111/11/t20211111_37077107.shtml,中国科学家领衔构建首个近实时全球碳地图,11/11
./202111/11/t20211111_37077796.shtml,中国移动咪咕与WTT达成战略合作 乒乓球赛事迈入5G时代,11/11
./202111/10/t20211110_37075474.shtml,周枫谈挫折教育：要保护孩子的内生动力,11/10
./202111/10/t20211110_37073211.shtml,八部门联合管控校外培训广告：不区分学科非学科类全面排查清理,11/10
./202111/09/t20211109_37072403.shtml,天问一号环绕器开展火星全球遥感探测，都有哪些看点？,11/09
./202111/09/t20211109_37072229.shtml,2021全国青年终身学习指数报告：学习人数达疫情前2.17倍,11/09
./202111/08/t20211108_37069311.shtml,高校志愿者视频号展示进博会多样精彩,11/08
./202111/06/t20211106_37065870.shtml,神舟十二号飞行乘组已顺利完成前期状态恢复,11/06
./202111/06/t20211106_37065771.shtml,神舟十三号乘组已做好出舱前准备,11/06
./202111/06/t20211106_37065756.shtml,一箭三星！我国成功发射遥感三十五号卫星A星B星C星,11/06
./202111/06/t20211106_37065530.shtml,8日白天月掩金星，晚上金星合月,11/06
./202111/05/t20211105_37064374.shtml,科学家构建“纳米限域催化”概念获国家自然科学奖一等奖,11/05
./202111/05/t20211105_37064358.shtml,“招聘不限毕业院校”能否带来职教春天,11/05
./202111/05/t20211105_37064353.shtml,深圳大学信息中心主任王志强:建设线上线下混合式教学的“云端大学”,11/05
./202111/05/t20211105_37064026.shtml,为祖国花朵护航！健康儿童行动五年新目标来了,11/05
./202111/03/t20211103_37056254.shtml,疾控专家：警惕流感与新冠共流行的复杂状况,11/03
./202111/02/t20211102_37053244.shtml,花王集团将在第四届进博会特设“未来生态”版块,11/02
./202111/02/t20211102_37052874.shtml,我国高端GPGPU领域再获新突破,11/02
./202110/30/t20211030_37043879.shtml,“双减”落地，如此“触摸生活式”学习真棒,10/30
./202110/27/t20211027_37032325.shtml,天文学家或首次发现银河系外行星,10/27
./202110/28/t20211028_37038915.shtml,辞书数字新生，助力高效学习,10/28
./202110/28/t20211028_37038858.shtml,发展智慧医疗 推动“健康中国”建设,10/28
./202110/28/t20211028_37038857.shtml,哪些人类基因可能与癌症有关？几乎所有！,10/28
./202112/29/t20211229_37213870.shtml,中国民族医药学会流派传承分会成立大会在广州召开,12/29
./202110/28/t20211028_37038854.shtml,X射线技术发现英国沉船中的“新危机”,10/28
./202110/27/t20211027_37033407.shtml,物联网技术加持，创新智能头盔黑科技,10/27
./202110/27/t20211027_37031888.shtml,中国在两种物理体系实现量子计算优越性,10/27
./202110/27/t20211027_37031842.shtml,国考“万人岗”出圈 人岗匹配才是最佳项,10/27
./202110/26/t20211026_37029447.shtml,5G消息赋能营销创新 第十三届北京国际创意节开幕,10/26
./202110/26/t20211026_37028935.shtml,我国量子计算优越性研究取得重要进展 “祖冲之二号”实现量子计算优越性,10/26
./202112/15/t20211215_37174540.shtml,博汇川渝 智献双城,12/15
./202110/25/t20211025_37027283.shtml,接种流感疫苗需要注意什么？能否和新冠病毒疫苗同时接种？专家回应来了,10/25
./202110/25/t20211025_37026637.shtml,教育部：北京原有各类培训机构压减比例60%,10/25
./202110/25/t20211025_37026631.shtml,520Wh/kg（1100 Wh/L）超高比能锂金属电池研制成功,10/25
./202110/25/t20211025_37024445.shtml,2022年国考超202万人报名,10/25
./202112/23/t20211223_37197888.shtml,顺丰科技中物联双链峰会演讲：共建产业数智时代,12/23
./202110/24/t20211024_37023572.shtml,CEA电子竞技运动会在呼和浩特启幕,10/24
./202110/24/t20211024_37023177.shtml,教师这个职业，不允许有太多任性和偏见,10/24
./202110/23/t20211023_37021612.shtml,清华教授详解宇宙星际中的重元素起源之谜,10/23
./202110/22/t20211022_37019808.shtml,前程无忧《2021程序员群体洞察报告》：90后占比过半,10/22
./202110/21/t20211021_37016377.shtml,科普：科技巨头跑步入场 “元宇宙”火在哪里,10/21
./202110/21/t20211021_37015636.shtml,海南将游泳及三大球纳入中考,10/21
./202110/21/t20211021_37015578.shtml,海南将游泳及三大球纳入中考,10/21
./202110/21/t20211021_37015062.shtml,中央民族大学经济学院校友会第二届理事会暨校友论坛成功举行,10/21
./202110/21/t20211021_37015029.shtml,专科毕业申请出国留学 这些事你应该知道,10/21
./202110/21/t20211021_37014591.shtml,人类接受猪肾移植测试初步成功,10/21
./202110/20/t20211020_37010314.shtml,深化对月球演化的认知,10/20
./202110/19/t20211019_37006963.shtml,科普：宇航员长时间驻留太空对身体有何影响,10/19
./202110/18/t20211018_37003693.shtml,AI修图助力修图效率与质量双飞跃,10/18
./202112/20/t20211220_37187079.shtml,第五届工匠中国论坛2021年年会在北京召开,12/20
./202110/16/t20211016_36998605.shtml,杨利伟“难以承受的”26秒 中国火箭研制团队攻克了,10/16
./202110/15/t20211015_36997468.shtml,重阳节系列活动 浓浓“敬老”氛围,10/15
./202110/15/t20211015_36996431.shtml,2022年度“国考”今起报名，近七成招录计划专招应届生,10/15
./202110/15/t20211015_36996092.shtml,五部门：高等学历继续教育广告不得出现“快速取证”“免考包过”,10/15
./202110/15/t20211015_36996064.shtml,“双减”落地实探：课上减负提效，课后“留人留心”,10/15
./202110/14/t20211014_36994335.shtml,定了！神舟十三号载人飞行任务乘组人员确定,10/14
./202110/14/t20211014_36994334.shtml,10月16日00时23分，发射！,10/14
./202112/10/t20211210_37161093.shtml,“火焰蓝・红领巾・手拉手”主题活动开展,12/10
./202110/14/t20211014_36991997.shtml,美国蓝色起源公司完成第二次载人太空飞行,10/14
./202110/13/t20211013_36989860.shtml,中办国办印发意见 推动现代职业教育高质量发展,10/13
./202110/13/t20211013_36989544.shtml,我国已基本摸清主要生物类群和植被类型,10/13
./202110/13/t20211013_36989543.shtml,新研究揭示“女怕冷，男怕热”进化原因,10/13
./202110/13/t20211013_36989540.shtml,遥远无线电信号或来自百光年外神秘行星,10/13
./202110/13/t20211013_36989530.shtml,航天驭星发布首个测运控定标一体化航天器在轨运管服务云平台,10/13
./202111/09/t20211109_37072233.shtml,腾讯云Techo Youth筑梦校园行走进上海交大,11/09
./202110/12/t20211012_36986473.shtml,东北虎豹国家公园内野生东北虎数量增至50只,10/12
./202110/12/t20211012_36985749.shtml,全球首个CTLA-4抑制剂逸沃在华上市,10/12
./202110/11/t20211011_36980373.shtml,迈进“速眠”时代 Delta脑波3D沉浸式助眠音乐上线,10/11
./202110/09/t20211009_36976591.shtml,从二氧化碳到淀粉 中国科学家突破人工合成淀粉技术,10/09
./202110/09/t20211009_36976590.shtml,神经网络提高离子阱量子计算机运行性能,10/09
./202110/09/t20211009_36975593.shtml,“探索一号”搭载“奋斗者”号顺利返航,10/09
./202110/09/t20211009_36975415.shtml,在京高校发布2022年研招新规 部分院校提高报考门槛,10/09
./202110/06/t20211006_36969748.shtml,青年科技人才打头阵当先锋,10/06
./202110/05/t20211005_36968948.shtml,科普：神经细胞如何感知温度和触碰――2021年诺贝尔生理学或医学奖成果解读,10/05
./202110/01/t20211001_36964473.shtml,2021年大中城市联合招聘高校毕业生秋季专场活动启动,10/01
./202109/30/t20210930_36962763.shtml,用知识点亮乡村儿童梦想,09/30
./202109/29/t20210929_36956884.shtml,新一代载人运载火箭正研制 近地运载能力是长五三倍,09/29
./202109/29/t20210929_36956856.shtml,“双减”下校外培训现新变种 治理须打好“组合拳”,09/29
./202109/28/t20210928_36956101.shtml,中国第12次北极科学考察圆满完成,09/28
./202109/28/t20210928_36955624.shtml,磷化工产业绿色发展再添创新技术,09/28
./202109/28/t20210928_36953867.shtml,“日凌”来袭 我国电视画面或受影响,09/28
./202109/28/t20210928_36953269.shtml,“日凌”来袭 我国电视画面或受影响,09/28
./202112/08/t20211208_37154627.shtml,爱心义卖活动帮助自闭症儿童,12/08
./202109/28/t20210928_36952820.shtml,“双减”：中国教育改革新起点,09/28
./202109/28/t20210928_36952813.shtml,什么才是素质教育的真精神,09/28
./202109/27/t20210927_36952077.shtml,国家文物局通报四川稻城皮洛遗址等3项重要考古发现成果,09/27
./202109/27/t20210927_36951895.shtml,快舟一号甲火箭已成功完成10次发射 共将20颗卫星送入预定轨道,09/27
./202109/27/t20210927_36951021.shtml,聚焦青少年科普教育，助力教育创新,09/27
./202109/27/t20210927_36949256.shtml,两部委联合发布第40批向全国中小学生推荐优秀影片片目,09/27
./202109/26/t20210926_36947639.shtml,导致阿尔茨海默病相关蛋白可能来自大脑外部,09/26
./202109/25/t20210925_36945515.shtml,“双减”后，素质教育如何做“加法”？,09/25
./202109/24/t20210924_36944151.shtml,数字化报到  广东海洋大学打造“云上入学”新体验,09/24
./202109/24/t20210924_36944105.shtml,苹果正式发售iPhone13系列产品,09/24
./202110/22/t20211022_37020495.shtml,展现极客风采 守护智能安全,10/22
./202110/22/t20211022_37020467.shtml,携手打造中国音频行业新业态,10/22
./202109/23/t20210923_36938788.shtml,教育部：全国已有7743.1万名学生参加了课后服务,09/23
./202109/23/t20210923_36937624.shtml,俄罗斯宇航员发现国际空间站霉菌含量超标,09/23
./202109/22/t20210922_36935352.shtml,1.2亿年前这种小鸟，吸引异性用哪招？,09/22
./202109/22/t20210922_36934506.shtml,华中科技大学数字化“秒定”新生入学手续,09/22
./202110/25/t20211025_37026240.shtml,第21届中国・安平国际丝网博览会开幕,10/25
./202109/22/t20210922_36933317.shtml,天和核心舱的太空“中秋礼包”有什么？怎么送到？,09/22
./202109/22/t20210922_36932848.shtml,“双减”下的新学期 广州学校课后服务怎么做?,09/22
./202109/21/t20210921_36931549.shtml,近6吨“太空快递”已发货，这次有哪些变化？,09/21
./202111/26/t20211126_37119757.shtml,传承红色基因 续写春天故事,11/26
./202109/21/t20210921_36931541.shtml,跨越小升初 孩子通常会遇到哪些主要问题？,09/21
./202109/20/t20210920_36931235.shtml,天舟三号货运飞船与空间站组合体完成自主快速交会对接,09/20
./202109/19/t20210919_36930223.shtml,稳稳落地，航天员归来的“高科技大招”,09/19
./202112/01/t20211201_37131900.shtml,智慧健康社区研讨会举行 我淘健康助力社区管理健康化,12/01
./202109/19/t20210919_36930219.shtml,“天链”遥指“神十二”回家路,09/19
./202109/19/t20210919_36929830.shtml,如何防止未成年人沉迷网游？重在构建美好线下童年,09/19
./202109/18/t20210918_36929124.shtml,上世纪中叶以来，珊瑚礁覆盖面积及生物多样性下降了一半,09/18
./202111/15/t20211115_37085602.shtml,四川一线建设者掀起学习热潮,11/15
./202110/22/t20211022_37020519.shtml,发挥原创优势，匠心打造原创经典,10/22
./202109/18/t20210918_36927397.shtml,神舟十二号载人飞船返回舱成功着陆,09/18
./202109/18/t20210918_36927300.shtml,“黑科技”护航 “刹车指令员”助力航天员舒适着陆,09/18
./202109/17/t20210917_36926401.shtml,化石足迹揭示史前大象如何抚养宝宝,09/17
./202109/17/t20210917_36926399.shtml,听莫扎特音乐有助于治疗耐药性癫痫,09/17
./202111/17/t20211117_37092310.shtml,“暖冬行动”倾心关爱留守儿童,11/17
./202109/16/t20210916_36920584.shtml,金星迎来观测季，12月4日将达全年最亮,09/16
./202109/16/t20210916_36919842.shtml,北京市教委：不要求每个学生每天都要参加课后服务,09/16
./202109/16/t20210916_36918551.shtml,旅居空间站的益生菌即将“回家” 它和从前一样吗？,09/16
./202109/15/t20210915_36917525.shtml,对话广西乡村教师赖家益：因为淋过雨 总想为别人撑伞,09/15
./202109/15/t20210915_36917521.shtml,中国多个大学校长寄语：做“先锋”不做“看客” 成“梦想派”更成“行动派”,09/15
./202111/19/t20211119_37099797.shtml,组建“小板凳宣讲团” 打造家门口“红色学堂”,11/19
./202109/15/t20210915_36916952.shtml,持续丰富就业推荐生态，助力高质量灵活就业,09/15
./202109/15/t20210915_36914645.shtml,财政部解读：国家助学贷款和普通银行贷款有啥区别？,09/15
./202109/14/t20210914_36910476.shtml,“双减”后，考试指挥棒会有变化吗？,09/14
./202109/13/t20210913_36909373.shtml,2021年“科学探索奖”名单公布：8位女获奖人创纪录,09/13
./202111/12/t20211112_37081431.shtml,青年之声破“心贼” 同读一本书学,11/12
./202109/13/t20210913_36909368.shtml,青海新发现文化旅游资源2955处,09/13
./202109/13/t20210913_36909367.shtml,工信部重拳整治互联网公司“屏蔽网址链接”,09/13
./202111/22/t20211122_37105462.shtml,体检大巴进工地，免费体检暖人心,11/22
./202109/13/t20210913_36909274.shtml,中国新发现2000万年前短面猬化石 与北美“亲戚”更密切,09/13
./202109/13/t20210913_36908273.shtml,构建超实境智慧空间 AR获资本热捧,09/13
./202109/13/t20210913_36908259.shtml,泌尿系统肿瘤多发，自主研发“手术机器人”成热点,09/13
./202109/13/t20210913_36906268.shtml,“双减”后，线上学习服务能否解决学生“急难愁盼”,09/13
./202109/13/t20210913_36906106.shtml,未来可期 机器人正改变人类生产和生活方式,09/13
./202109/13/t20210913_36906050.shtml,最新研究：交通噪音增加患老年痴呆症风险,09/13
./202109/10/t20210910_36902965.shtml,《你好，钟南山》音频节目上线 带你感受榜样力量,09/10
./202109/10/t20210910_36900658.shtml,“双减”改革深入推进剑指校外培训材料乱象,09/10
./202109/10/t20210910_36900622.shtml,老师，健康是对您最好的问候,09/10
./202109/09/t20210909_36899025.shtml,国际空间站俄“星辰”号服务舱出现烟雾和烧焦味道,09/09
./202109/09/t20210909_36897530.shtml,教育督导再“长牙齿”，六类情形要被问责,09/09
./202109/09/t20210909_36897478.shtml,校外培训由“地上”转“地下” “住家教师”等将被坚决查处,09/09
./202109/08/t20210908_36894210.shtml,世界首座双燃料电站2号机组投运,09/08
./202109/08/t20210908_36893329.shtml,北京“教师轮岗”政策到底如何实施？专家解读,09/08
./202109/08/t20210908_36893216.shtml,高校毕业生，这些就业扶持政策你知道吗？,09/08
./202109/08/t20210908_36892575.shtml,语文教育决定了影响你一生的关键素养,09/08
./202109/08/t20210908_36892573.shtml,冰点特稿：教育就是多给生命一条路,09/08
./202109/07/t20210907_36890492.shtml,袁隆平家人向隆平水稻博物馆捐赠袁老生前物品,09/07
./202109/07/t20210907_36890267.shtml,高光谱观测卫星成功发射,09/07
./202109/07/t20210907_36889243.shtml,大学迎新季，这份防骗指南新生须注意,09/07
./202109/07/t20210907_36888012.shtml,义务教育阶段学科类校外培训收费 依法实行政府指导价,09/07
./202109/07/t20210907_36887946.shtml,中小学生校外培训材料不得超标超前,09/07
./202109/07/t20210907_36887821.shtml,中国具备全球热带气旋预报能力,09/07
./202109/07/t20210907_36887780.shtml,“双减”之下的学校体育如何回归校园,09/07
./202109/07/t20210907_36887657.shtml,中国空间站面向青少年发布搭载实验项目选题,09/07
./202109/07/t20210907_36887584.shtml,“双减”落地后：素质类培训企业大增,09/07
./202109/07/t20210907_36887528.shtml,即将迎来日凌挑战 祝融号如何平安度过悠长“假期”,09/07
./202110/27/t20211027_37034363.shtml,"南财集团与华为公司签署合作协议,打造财经专有云平台",10/27
./202109/07/t20210907_36887505.shtml,寻找快速射电暴候选体：从5亿只“狗”里挑出几只“猫”,09/07
./202109/06/t20210906_36886700.shtml,三星堆再次出土一件青铜神树 耗时4个月提取出土！,09/06
./202109/06/t20210906_36886336.shtml,袁隆平超级稻连续4年亩产超1100千克,09/06
./202109/06/t20210906_36886327.shtml,祝贺！航天员聂海胜在轨100天,09/06
./202109/06/t20210906_36885067.shtml,北京骑手子女观影《大学》 点亮理想之光,09/06
./202109/06/t20210906_36883546.shtml,中国5G基站数占全球70%终端数占80% 专利数居全球首位,09/06
./202109/06/t20210906_36883422.shtml,全球共促核聚变发电商业化 逐梦“人造太阳”道阻且长,09/06
./202110/25/t20211025_37027018.shtml,助力有AI的乡村教育,10/25
./202109/06/t20210906_36883421.shtml,灵巧度日益接近人类，网红机器人再获跑酷技能,09/06
./202109/06/t20210906_36883343.shtml,“双减”之下 教育还要迎接哪些挑战,09/06
./202109/06/t20210906_36883337.shtml,“从严从紧”，高校如期迎来开学季,09/06
./202109/06/t20210906_36883261.shtml,拿什么守护网游少年,09/06
./202109/05/t20210905_36882241.shtml,长江源科考发现一处古冰川遗迹,09/05
./202109/05/t20210905_36882223.shtml,新学期首个周末，他们这样过！,09/05
./202109/05/t20210905_36882221.shtml,广州小学三、四年级英语教材全部回收更换,09/05
./202109/05/t20210905_36882219.shtml,九月天象“大片”扎堆 去赏月吗？,09/05
./202109/04/t20210904_36881472.shtml,2022年考研初试时间确定,09/04
./202109/03/t20210903_36877395.shtml,泰晤士高等教育发布世界大学排名 清华北大并列亚洲第一,09/03
./202109/02/t20210902_36875665.shtml,教育部：全国成人高考将于10月23日、24日举行,09/02
./202109/02/t20210902_36874685.shtml,“双减”下的新学期什么样儿,09/02
./202109/02/t20210902_36874682.shtml,碳纳米点可调制声致发光波长 水中蓝紫光变为橙光,09/02
./202109/02/t20210902_36874681.shtml,国际空间站“曙光”号舱内发现裂缝,09/02
./202109/02/t20210902_36874606.shtml,31省份今启动教师资格考试报名 这些信息要了解,09/02
./202109/02/t20210902_36874587.shtml,巡天太极、筷子夹水……这节太空课堂让人大开眼界！,09/02
./202109/02/t20210902_36874487.shtml,用好教育督导这把“利剑” 写在《教育督导问责办法》实施之际,09/02
./202109/18/t20210918_36928595.shtml,“三减三健”口腔健康公益科普行动启动,09/18
./202109/02/t20210902_36874482.shtml,巨人教育破产 精锐教育进入退市倒计时 教培机构倒闭潮来临?,09/02
./202109/02/t20210902_36874359.shtml,香港公开大学正式更名为香港都会大学,09/02
./202109/02/t20210902_36874356.shtml,开学第一课：这些同学探苍穹之秘追“科学之星”,09/02
./202109/01/t20210901_36872779.shtml,聚焦2021秋季开学：把好三道“门” 讲好“第一课” 适应“双减”新学期,09/01
./202109/01/t20210901_36871636.shtml,航天员第一视角来袭 领略太空的震撼之美,09/01
./202109/01/t20210901_36871778.shtml,隔夜西瓜细菌多，吃了可能食物中毒？看到人打架，动物会跟着学？8月“科学”流言榜来啦！,09/01
./202109/01/t20210901_36871638.shtml,教育部：预计今年底 全国所有县（市 区）都将实现义务教育基本均衡,09/01
./202109/01/t20210901_36871627.shtml,教育部：出台本科毕业论文抽检办法 兜住人才培养质量“底线”,09/01
./202109/01/t20210901_36871174.shtml,消除重点班依赖，回归义务教育本色,09/01
./202109/01/t20210901_36871173.shtml,课余时间充足了 校外服务如何跟上,09/01
./202109/01/t20210901_36871163.shtml,《教育督导问责办法》今日起正式施行 明确“问什么责”“怎么问责”,09/01
./202109/01/t20210901_36871154.shtml,教育部：将“双减”和“五项管理”督导作为今年教育督导“一号工程”,09/01
./202109/01/t20210901_36871153.shtml,教育部：目前全国共有各级督学14.7万名,09/01
./202109/01/t20210901_36871050.shtml,职校生实习现状：宁在格子间免费干活也不愿在一线“打磨”,09/01
./202109/01/t20210901_36871030.shtml,开学季，这份校园安全法治知识礼包请收好！,09/01
./202109/01/t20210901_36870879.shtml,开学啦！这张“课表”请收好,09/01
./202109/01/t20210901_36870748.shtml,一些职校生为何青睐“跨界实习”？,09/01
./202109/01/t20210901_36870745.shtml,教育部：各地实现义务教育教师平均工资不低于公务员承诺,09/01
./202109/01/t20210901_36870675.shtml,新学期，浙江嘉兴中小学校有了健康副校长,09/01
./202109/01/t20210901_36870412.shtml,“给孩子们的大师讲堂” 赋能青少年全面发展,09/01
./202109/01/t20210901_36868959.shtml,“双减”后首次开学 各地“双减”落地情况如何？,09/01
./202109/01/t20210901_36868880.shtml,教育部：对培训机构卷钱跑路问题实行挂牌督办,09/01
./202109/01/t20210901_36868350.shtml,"""大湾区号""盾构机下线，挑战海底115米建高铁",09/01
./202108/31/t20210831_36865361.shtml,科普：蝙蝠冠状病毒研究揭示新冠病毒起源新线索,08/31
./202108/31/t20210831_36864244.shtml,“祝融号”的火星100天：状态如何？继续开展哪些任务？,08/31
./202108/31/t20210831_36863983.shtml,流星雨、海王星冲日、双星伴月……这些精彩天象9月亮相天宇,08/31
./202108/31/t20210831_36863412.shtml,教育部：推进课后服务支撑实现“双减”工作目标,08/31
./202108/31/t20210831_36863397.shtml,事关“双减” 新学期教育教学要严守这些纪律,08/31
./202108/30/t20210830_36861112.shtml,全国绝大部分中小学幼儿园9月1日正常开学,08/30
./202108/30/t20210830_36861257.shtml,陈一丹《躬笃集》：投身教育公益领域的实践与思考,08/30
./202108/30/t20210830_36859168.shtml,欢迎“新”老师！新学年北京两千余校长教师开始轮岗,08/30
./202108/30/t20210830_36859158.shtml,教育部叫停将接种疫苗作为开学返校标准做法,08/30
./202108/30/t20210830_36859118.shtml,主星会“吸星大法” 郭守敬望远镜发现罕见新型激变变星,08/30
./202108/30/t20210830_36859112.shtml,付费刷课、宁刷不上……告别应付式刷课 大学网课怎么上,08/30
./202108/30/t20210830_36858392.shtml,“氢海”系外行星或是外星生命“摇篮”,08/30
./202108/30/t20210830_36858334.shtml,癌细胞的“阿喀琉斯之踵”发现,08/30
./202108/28/t20210828_36856070.shtml,好政策为乡村学校增添师资力量,08/28
./202109/16/t20210916_36921551.shtml,2021西瓜PLAY好奇心大会在九寨沟开幕,09/16
./202108/27/t20210827_36853725.shtml,《1921》破5亿，“时代旋律三部曲”有新进展,08/27
./202108/27/t20210827_36851496.shtml,"关注学生双减负:面对""双减"" 学校的底气该从哪来",08/27
./202108/26/t20210826_36848283.shtml,祝融号：我在火星的100天与1000米,08/26
./202108/26/t20210826_36847438.shtml,只是辅导功课? 别把家庭教育想简单了,08/26
./202108/25/t20210825_36845310.shtml,新研究：引发西欧严重洪灾的降雨或因气候变化生成,08/25
./202108/25/t20210825_36842817.shtml,错峰开学、线上开课 秋季开学有条不紊推进中,08/25
./202109/22/t20210922_36935725.shtml,中国创意国潮艺术展首展亮相北京,09/22
./202109/15/t20210915_36916892.shtml,用友王文京：数智技术驱动商业创新,09/15
./202109/22/t20210922_36934694.shtml,厚植人才沃土 培育“碳排放管理师”,09/22
./202108/25/t20210825_36844796.shtml,腾讯启动“碳中和问答”科普公益活动,08/25
./202108/25/t20210825_36844640.shtml,上海中小学、幼儿园9月1日开学,08/25
./202108/25/t20210825_36843199.shtml,落实“双减”！教育部公布一批校外教育培训违规行为处理典型案例,08/25
./202108/25/t20210825_36843138.shtml,儿童微量元素检测能查什么？为何非诊断治疗需要时不得开展？,08/25
./202108/25/t20210825_36842864.shtml,史上最大陆地哺乳动物有多大,08/25
./202109/17/t20210917_36926082.shtml,进城务工者生活适应技能提升公益活动在京启动,09/17
./202108/25/t20210825_36842719.shtml,指纹识别新技术可提取皮下3毫米生物信息 填补传统技术漏洞,08/25
./202108/25/t20210825_36842603.shtml,教育部出台指导性文件 课程教材将加强重大主题教育内容,08/25
./202108/24/t20210824_36839788.shtml,"小小自习室,浓浓关爱情",08/24
./202108/24/t20210824_36839505.shtml,教育部：注重全面提升学生劳动素养,08/24
./202108/24/t20210824_36838207.shtml,原生家庭的教养方式影响孩子成长,08/24
./202108/24/t20210824_36838089.shtml,两部门：高校师生员工返校前要提供48小时内核酸阴性证明,08/24
./202109/18/t20210918_36928690.shtml,助力教师节，共筑红色力量,09/18
./202108/24/t20210824_36837463.shtml,地下五百三十四米 全世界最深的5G网络在做什么,08/24
./202108/23/t20210823_36835856.shtml,以数字化工具助力健康管理,08/23
./202108/23/t20210823_36835466.shtml,湖南：划出三方红线规范中职学校招生行为,08/23
./202109/15/t20210915_36916917.shtml,“恩师授技焊为师徒”教师节活动举办,09/15
./202108/23/t20210823_36834494.shtml,《营销科学学报》在清华大学创刊,08/23
./202108/23/t20210823_36834236.shtml,“36天罡星群”挂牌仪式将在海南文昌举办,08/23
./202108/23/t20210823_36832980.shtml,"儿童鼻内细胞在""侦测""新冠病毒时会""有准备""",08/23
./202108/23/t20210823_36832913.shtml,“宁刷不上”：大学的网课怎么了,08/23
./202108/22/t20210822_36831562.shtml,我国实现水稻生育周期减半重要突破,08/22
../gnsz/gdxw/202108/20/t20210820_36827643.shtml,聂海胜刘伯明成功出舱,08/20
./202108/20/t20210820_36826885.shtml,“神十二”航天员乘组已完成第二次出舱活动准备工作 正按计划稳步推进,08/20
./202108/20/t20210820_36826877.shtml,国家开发银行携手多家银行 为家庭困难学生送出“三大礼包”,08/20
./202108/20/t20210820_36826867.shtml,祝融号:靠什么巡视探测火星 有哪些技术特色?,08/20
./202108/20/t20210820_36826774.shtml,暑期实习，你的目标达成了吗,08/20
./202108/20/t20210820_36826609.shtml,秋季开学在即留学生开始集中出国 浦东机场留学生排千人长队,08/20
./202108/19/t20210819_36823983.shtml,辽宁多地“花式”开办暑期托管班,08/19
./202108/19/t20210819_36824032.shtml,科学训练 避免训练伤,08/19
./202109/22/t20210922_36934843.shtml,四川省雅安市启动中国扶贫基金会乡村天使工程项目,09/22
./202108/19/t20210819_36823863.shtml,疏堵结合多方共治 避免未成年人沉迷游戏,08/19
./202108/19/t20210819_36823221.shtml,超八成受访学生暑假作了规划,08/19
./202108/19/t20210819_36823037.shtml,中国成功发射天绘二号02组卫星,08/19
./202108/18/t20210818_36821276.shtml,前程无忧储备岗位助力教育培训行业从业者再就业,08/18
./202108/18/t20210818_36821273.shtml,前程无忧报告：2021高校毕业生平均薪酬同比增长5.9%,08/18
./202109/10/t20210910_36902253.shtml,答题竞“技” 质量月知识竞赛活动举办,09/10
./202109/13/t20210913_36908109.shtml,扶贫助学 “走心”解忧,09/13
./202108/18/t20210818_36820492.shtml,塑料垃圾用新方法升级回收，一吨可净赚350美元,08/18
./202109/14/t20210914_36912383.shtml,加强干部教育培训 为优化营商环境赋能,09/14
./202108/18/t20210818_36820487.shtml,"iPSCs可生成含视杯的大脑类器官,帮助研究视网膜疾病",08/18
./202108/18/t20210818_36819365.shtml,世界首创! 我国首艘海洋牧场养殖观测无人船下水,08/18
./202108/18/t20210818_36818781.shtml,破解带娃难题！各地这样探索暑期托管服务,08/18
./202108/18/t20210818_36818627.shtml,从城市到乡村 游学不是一窝蜂地打卡景区,08/18
./202109/08/t20210908_36894230.shtml,在视频号走进自然保护地：生物多样性公益之路,09/08
./202109/09/t20210909_36898434.shtml,加速为学校赶工，新学期迎来新气象,09/09
./202109/13/t20210913_36908108.shtml,创新“线上+线下”培训模式 助力乡村振兴人才培养,09/13
./202108/18/t20210818_36818342.shtml,北京正式发布义务教育阶段“双减”具体措施,08/18
./202108/17/t20210817_36815403.shtml,山西3名教师有偿补课被解聘,08/17
./202108/17/t20210817_36814791.shtml,江苏省教育厅公布今年秋季开学计划和防疫要求,08/17
./202109/15/t20210915_36916780.shtml,中国检验检测学会信息与智能化工作委员会成立大会召开,09/15
./202108/17/t20210817_36814788.shtml,北京：大中小学幼儿园将如期开学,08/17
./202108/17/t20210817_36814169.shtml,这个班的学生为啥不沉迷网络,08/17
./202108/17/t20210817_36814117.shtml,量子计算机体系结构中“缺失的拼图”找到,08/17
./202108/16/t20210816_36811610.shtml,北京市教委：暑期暂停所有学校军训,08/16
./202108/16/t20210816_36811005.shtml,天津发布高考新政！报名条件调整为“户籍+学籍”,08/16
./202108/16/t20210816_36809751.shtml,特殊太空表白! 中国式硬核科技浪漫 你get到了吗,08/16
./202108/14/t20210814_36807349.shtml,世卫组织将测试3种新冠潜在药,08/14
./202108/14/t20210814_36807205.shtml,“青少年模式”能否为暑期网瘾降温,08/14
./202109/15/t20210915_36916696.shtml,岳麓原创非传统叙事戏剧《古塘湾1930》正式开演,09/15
./202108/13/t20210813_36804285.shtml,今年七夕遇上流星雨，咋看?,08/13
./202109/14/t20210914_36912852.shtml,增强质量意识，弘扬工匠精神,09/14
./202108/13/t20210813_36804933.shtml,"联合多位音乐艺术家，腾讯音乐人""TME数字藏品""即将上链",08/13
./202108/13/t20210813_36804304.shtml,简历优化：锦上添花还是掺水“埋雷”,08/13
./202108/13/t20210813_36804199.shtml,规范校外培训！落实“双减” 这些省份行动了,08/13
./202108/13/t20210813_36804198.shtml,研究显示接种阿斯利康新冠疫苗导致的血栓综合征将致极高死亡风险,08/13
./202108/13/t20210813_36804189.shtml,新疆哈密翼龙动物群首次发现大型恐龙化石 两个恐龙新属种被命名,08/13
./202108/12/t20210812_36802370.shtml,中国工程院院士许祖彦：激光技术为什么是重要战略支撑技术,08/12
./202108/12/t20210812_36801711.shtml,我国科学家发现3000多万年前的“粗壮豫鼠”,08/12
./202108/12/t20210812_36801386.shtml,守正创新 广东中医师承出师庆功交流会举行,08/12
./202109/13/t20210913_36908110.shtml,传承红色基因 推动党史学习教育走深走实,09/13
./202108/12/t20210812_36801166.shtml,七夕浪漫夜，如何寻找牛郎星和织女星？,08/12
./202108/12/t20210812_36800315.shtml,新生物相容性胶水可在15秒内止血,08/12
./202108/12/t20210812_36800151.shtml,教育部:秋季学期学生返校要达到三条硬性标准,08/12
./202109/10/t20210910_36902711.shtml,“读写说唱”让党史学习教育“活”起来,09/10
./202108/12/t20210812_36800097.shtml,减轻中小学生作业和校外培训负担 全国试点城市逐步推进,08/12
./202108/12/t20210812_36800093.shtml,北京市教委：北京中小学和所有高校将按既定时间正常开学,08/12
./202108/12/t20210812_36800089.shtml,北京市教委：严格校园封闭管理 暂停暑期所有学校学生军训,08/12
./202108/11/t20210811_36798210.shtml,仿变色龙软体机器人来了！,08/11
./202108/11/t20210811_36795468.shtml,全球首个14价HPV疫苗研发难在哪?,08/11
./202108/11/t20210811_36795277.shtml,“双减”要减的是对教育的急功近利之心,08/11
./202108/10/t20210810_36792451.shtml,想体验火星生活? NASA招募志愿者 模拟住火星1年,08/10
./202108/10/t20210810_36791606.shtml,"500毫克月球""土特产""被用来干了这三件大事",08/10
./202108/09/t20210809_36787893.shtml,面对“双减”，学校最需要做什么,08/09
./202108/09/t20210809_36787857.shtml,面对“双减”，学校最需要做什么?,08/09
./202108/09/t20210809_36787856.shtml,硕士生群体特征调查:超七成是家庭第一代大学生,08/09
./202108/09/t20210809_36787838.shtml,毅力号“采了个寂寞”，火星采样难在哪?,08/09
./202108/09/t20210809_36787809.shtml,约150年后，数据的比特数量将超地球原子总数,08/09
./202108/08/t20210808_36786490.shtml,一所农村学校“跳”出10个世界冠军,08/08
./202108/07/t20210807_36785669.shtml,优秀乡村教师要引进来留得住,08/07
./202108/07/t20210807_36785666.shtml,国内首台！消杀冷链新冠病毒只需5秒,08/07
./202108/06/t20210806_36785088.shtml,祝融号累计行驶里程突破800米,08/06
./202108/06/t20210806_36784934.shtml,“小候鸟”实现“建筑梦”,08/06
../gnsz/gdxw/202108/06/t20210806_36784342.shtml,“祝融号”火星车行驶里程突破800米,08/06
./202108/06/t20210806_36782940.shtml,职业教育行业融资总额创新高 有人加码有人坚决不入场,08/06
./202108/06/t20210806_36782934.shtml,我国科学家揭开红超巨星参宿四致暗之谜,08/06
./202108/06/t20210806_36782893.shtml,近1.4万名科学家警告 忽视气候变化将带来“难以言表的痛苦”,08/06
./202108/06/t20210806_36782884.shtml,台风动向它先知！国内电力行业首个云超算平台上线,08/06
../gnsz/gdxw/202108/05/t20210805_36781016.shtml,多所国内大学通知：延迟开学或暂不返校,08/05
./202108/05/t20210805_36780723.shtml,携手防止网络沉迷,08/05
./202108/05/t20210805_36780414.shtml,为中西部教育提质补短板、为乡村振兴培养更多“四有”好老师――一线教育专家、教师解读“优师计划”,08/05
./202108/05/t20210805_36779269.shtml,"传染力堪比水痘 ""德尔塔""为何这么毒?",08/05
./202108/04/t20210804_36777282.shtml,困在禁令里的留学生,08/04
./202108/04/t20210804_36774984.shtml,PM2.5降低 人的寿命延长多少,08/04
./202108/03/t20210803_36772718.shtml,"付费自习室全国开花 ""新鲜劲儿""过后何去何从",08/03
./202108/03/t20210803_36772354.shtml,检测样本氦-3含量 打开月球能源宝库大门,08/03
./202108/02/t20210802_36770515.shtml,正视内卷 理性竞争,08/02
./202108/02/t20210802_36770343.shtml,上班带娃两不误，这样解决暑期带娃难题,08/02
./202108/02/t20210802_36768231.shtml,“双减”落地，对校外培训影响几何？,08/02
./202107/30/t20210730_36763758.shtml,前程无忧报告：我国体育产业人才结构有待平衡,07/30
./202107/30/t20210730_36763012.shtml,俄罗斯“科学”号实验舱与国际空间站成功对接,07/30
./202107/30/t20210730_36762855.shtml,当教育陷入“内卷”，AI有办法解决吗,07/30
./202107/30/t20210730_36762776.shtml,扭转唯分数、唯升学导向 “双减”助力教育良好生态,07/30
./202107/30/t20210730_36762676.shtml,《柳叶刀》：感染新冠或影响智力,07/30
./202107/30/t20210730_36762309.shtml,“德尔塔”毒株有多“凶”？如何防范？权威解答来了,07/30
./202107/29/t20210729_36760638.shtml,“知识星光 点亮未来”助力乡村教育促进乡村振兴,07/29
./202107/29/t20210729_36759940.shtml,教育部启动中小学有偿补课和教师违规收受礼品礼金问题专项整治,07/29
./202107/29/t20210729_36759852.shtml,“十大校园诗人评选”在京颁奖,07/29
./202107/29/t20210729_36759297.shtml,中国科协发布2021年度重大科学问题,07/29
./202107/29/t20210729_36759211.shtml,谁把孩子推向网络中“卖萌”,07/29
./202107/28/t20210728_36757364.shtml,科学家发现1亿年前甲虫“木乃伊化”肌肉,07/28
./202107/28/t20210728_36756549.shtml,政策利好纷至 5G规模化应用加力提速,07/28
./202108/30/t20210830_36861622.shtml,中国一冶科工公司组织防疫与急救知识培训,08/30
./202107/28/t20210728_36756407.shtml,洪水过后，科学防疫要注意,07/28
./202107/28/t20210728_36756172.shtml,大学阅读书单“无用之用”见格局,07/28
./202107/28/t20210728_36755993.shtml,北京2021届高校毕业生薪酬数据发布 这些行业薪资较高,07/28
./202107/27/t20210727_36754461.shtml,内蒙古考古首次发现史前时期“空调房”,07/27
./202107/27/t20210727_36753341.shtml,孩子需要的，是能激发兴趣的作业,07/27
./202107/27/t20210727_36752931.shtml,"师范院校录取分数线逐年攀升 师范专业""热""起来了吗",07/27
./202107/26/t20210726_36751045.shtml,“未来教室”让孩子看到更为广袤的世界,07/26
./202107/26/t20210726_36750152.shtml,首张火星内部详细地图出炉:一颗巧克力太妃溏心球,07/26
./202107/24/t20210724_36747104.shtml,探访暑期托管:有的活动丰富 有的让做一天作业,07/24
./202108/27/t20210827_36854255.shtml,第三届中国国际太阳能十项全能竞赛开赛,08/27
./202107/23/t20210723_36745755.shtml,天问一号发射成功一周年 “祝融号”火星车累计行驶585米,07/23
./202107/23/t20210723_36744352.shtml,新职业成择业新舞台:具有广阔前景 人才需求量大,07/23
./202107/23/t20210723_36744305.shtml,科技部：病毒溯源本质上是科学问题,07/23
./202107/22/t20210722_36741662.shtml,人社部：鼓励中小微企业更多吸纳毕业生就业,07/22
./202107/22/t20210722_36740337.shtml,我国自主研制成功电子变压器测试仪,07/22
./202107/21/t20210721_36736090.shtml,新型环保燃气灶具 1年可节约500万吨天然气,07/21
./202107/21/t20210721_36735643.shtml,"半数青少年近视:别让下一代早早成了""小眼镜""",07/21
./202107/20/t20210720_36732987.shtml,首都经济贸易大学MBA产教融合培养基地授牌仪式举行,07/20
./202107/20/t20210720_36732794.shtml,成都暑期托管首日:上午打球攀岩 下午学非遗竹编,07/20
./202107/20/t20210720_36732187.shtml,“15分钟9次”弹窗广告不能想弹就弹,07/20
./202107/20/t20210720_36731578.shtml,全国高校体育教育专业学生基本功大赛在天津举行,07/20
./202107/20/t20210720_36731490.shtml,教育部：社会成人教育培训机构不得擅用“中国”“全国”“国家”等字词,07/20
./202107/19/t20210719_36728705.shtml,走进自然博物馆：观众有哪些新期待 困境面前如何破局,07/19
./202107/19/t20210719_36728686.shtml,别了，中小学小卖部！四部门发文明确这些要求,07/19
./202107/19/t20210719_36728168.shtml,国内首个百万千瓦级 海上风电场诞生,07/19
./202107/18/t20210718_36726857.shtml,祝融号火星车行驶里程突破509米,07/18
./202107/18/t20210718_36726709.shtml,“神兽”归来，不花钱的暑托班有市场吗？,07/18
./202107/16/t20210716_36723618.shtml,宁德时代与腾讯云达成战略合作，共建AI联合创新基地,07/16
./202107/16/t20210716_36723313.shtml,南海可燃冰自主钻探完成新一轮海试,07/16
./202107/16/t20210716_36723281.shtml,高校毕业生求职 为何青睐新一线城市,07/16
./202107/15/t20210715_36719384.shtml,追问“天坑”专业：“坑”在哪里？“坑”了谁？,07/15
./202107/15/t20210715_36719313.shtml,海外留学有哪些新变化？,07/15
