./202205/24/t20220524_37610591.shtml,网上N95、KN95口罩宣传花样太多 信科学别信忽悠,05/24
./202205/23/t20220523_37607114.shtml,近亿网友围观周杰伦演唱会重映,05/23
./202205/18/t20220518_37591944.shtml,交友软件是真交友还是假把戏？,05/18
./202205/17/t20220517_37588593.shtml,“婉拒了哈”走红 如何才能高情商地对别人说“不”,05/17
./202205/16/t20220516_37585921.shtml,谎称“流调”套取个人信息？提防借疫情实施的诈骗,05/16
./202205/14/t20220514_37581338.shtml,调查：在明星身边工作真如想象的风光吗,05/14
./202205/14/t20220514_37581058.shtml,西湖边7棵柳树迁移又补种 西湖景区致歉,05/14
./202205/13/t20220513_37579951.shtml,山西通报近期4起煤矿事故,05/13
./202205/13/t20220513_37577069.shtml,超七成受访大学生希望通过恋爱综艺学习树立健康的爱情观,05/13
../../gnsz/gdxw/202205/12/t20220512_37573371.shtml,短视频“青少年模式”仍存漏洞 业内建议开面部识别,05/12
../../gnsz/gdxw/202205/12/t20220512_37573358.shtml,车载KTV、迷你版KTV…新型KTV悄然兴起,05/12
../../gnsz/gdxw/202205/12/t20220512_37573364.shtml,社区足球场免费时段多在工作日上午 市民：能否优化？,05/12
./202205/10/t20220510_37565655.shtml,飞旋的温烙歌：交会时速870公里！驾着高铁列车破纪录,05/10
./202205/10/t20220510_37565577.shtml,“云健身”出现“人传人” 你跟刘�u宏跳“本草纲目”了吗,05/10
./202205/09/t20220509_37561977.shtml,虚拟偶像成了品牌代言新宠 优势在哪？,05/09
./202205/09/t20220509_37561976.shtml,脱口秀演员致歉，“冒犯”边界何时休,05/09
./202205/09/t20220509_37561975.shtml,“云蹦迪”前景不乐观 网友玩得火热还是蹦个寂寞,05/09
./202205/07/t20220507_37558834.shtml,可以低头工作，但绝不向工作低头？Z世代重新定义职场规则,05/07
../../gnsz/gdxw/202205/07/t20220507_37558122.shtml,显示IP属地后，谁还在穿“皇帝的新衣”？,05/07
./202205/06/t20220506_37554584.shtml,“一孕妇在医院门口分娩”？北京石景山医院辟谣,05/06
../../gnsz/gdxw/202205/06/t20220506_37554553.shtml,北京骑车出行骤增，共享单车如何共享安全？,05/06
../../gnsz/gdxw/202205/06/t20220506_37554548.shtml,女儿举报母亲、前妻举报前夫，蓝翔校长家的戏还会演多久？,05/06
../../gnsz/gdxw/202205/05/t20220505_37551416.shtml,五一档电影票房收入近3亿元 影院降价促销热盼暑期档,05/05
../../gnsz/gdxw/202205/05/t20220505_37551161.shtml,零基础速成班走红，“躺赚”背后套路几何？,05/05
./202204/29/t20220429_37541572.shtml,24岁小伙日饮10升饮料 每晚起夜10次，糖尿病找上门,04/29
../../gnsz/gdxw/202204/28/t20220428_37538657.shtml,两亿人都要整牙？但中国只有6000多名正畸医生,04/28
./202204/27/t20220427_37537416.shtml,他连霸图书馆借阅榜3年，后来……,04/27
./202204/27/t20220427_37535821.shtml,没了“硬门槛”，目录之外的职业如何证明自己,04/27
../../gnsz/gdxw/202204/27/t20220427_37533967.shtml,为了囤菜冰柜火了！搜索热度超过“双11”,04/27
../../gnsz/gdxw/202204/26/t20220426_37530103.shtml,过期药回收点在哪儿几人知？家庭过期药品回收现状调查,04/26
../../gnsz/gdxw/202204/25/t20220425_37527579.shtml,昨晚不少北京人忙买菜！企业销量激增，纷纷深夜回应,04/25
../../gnsz/gdxw/202204/25/t20220425_37527090.shtml,创新景、脸面景……一些地方基层为何热衷“造景”？,04/25
./202204/24/t20220424_37523573.shtml,“刘�u宏女孩”累到“变形”？能不能跟跳先做自我评估,04/24
./202204/22/t20220422_37518537.shtml,逆社会时钟：他们为何按下人生的“变轨”键,04/22
./202204/22/t20220422_37518511.shtml,考研成功、文武双全 食堂小哥保安大叔变校园“扫地僧”,04/22
./202204/21/t20220421_37517314.shtml,法官谈“天价殡葬费”：不知情“被消费”可以不付账,04/21
../../gnsz/gdxw/202204/21/t20220421_37515038.shtml,动辄上万字、大条款套子条款 App用户协议能划划重点吗,04/21
../../gnsz/gdxw/202204/21/t20220421_37514919.shtml,上海检察机关提前介入“梅陇镇问题猪肉”等涉疫案件,04/21
./202204/19/t20220419_37507109.shtml,购物270元被索要900元 外卖骑手恶意哄抬物价被上海警方查处,04/19
./202204/18/t20220418_37503281.shtml,上海：网传梅陇七村孕妇早产求助未果致死亡不实 编造谣言者受行政处罚,04/18
./202204/18/t20220418_37503163.shtml,疫情期间哄抬物价 上海一超市人员涉嫌非法经营罪被警方查处,04/18
./202204/16/t20220416_37500335.shtml,“放个风筝怎么这么难” 北京城区放风筝“一地难求”,04/16
./202204/16/t20220416_37500283.shtml,九小时爱心接力，“救命药”拿到了！,04/16
./202204/15/t20220415_37496027.shtml,张冠李戴的“岁月妈妈”刷屏 “照片盗用”泛滥是流量的锅？,04/15
./202204/15/t20220415_37496028.shtml,当心“流调电话”骗局 南京一男子被骗19万余元,04/15
./202204/14/t20220414_37494900.shtml,居家办公应该如何算酬劳？工作时长怎么计算？,04/14
../../gnsz/gdxw/202204/14/t20220414_37489208.shtml,“三无”食品充斥直播间 主播卖力吆喝让多少人冲动下单,04/14
./202204/14/t20220414_37489011.shtml,别被染色印花口罩的颜值骗了！只有这五种口罩能防疫,04/14
../../gnsz/gdxw/202204/14/t20220414_37488559.shtml,“上一节课也只退费一半”，你遇过这样早教培训吗?,04/14
./202204/13/t20220413_37485905.shtml,“排毒养颜片” 竟是狗粮加工作坊生产,04/13
./202204/13/t20220413_37485260.shtml,网传上海一领导倒卖保供物资信息不实 造谣者已被警方立案侦查,04/13
./202204/12/t20220412_37481330.shtml,【社评】物流保通保畅，让百姓手中有“粮”心中不慌,04/12
./202204/12/t20220412_37481102.shtml,“3天花费3.8万元”，太平间需要一本明白账,04/12
./202204/12/t20220412_37481099.shtml,上海：小区物业38人被封只剩6人怎么办？这些志愿者组成“临时物业”,04/12
./202204/11/t20220411_37477975.shtml,家庭教育指导师培训缘何“凶猛”生长,04/11
./202204/11/t20220411_37476512.shtml,Web3.0时代：你在网上创造的一切，全部归你,04/11
./202204/11/t20220411_37476407.shtml,未成年人沉迷短视频 刷屏上瘾问题应引起重视,04/11
./202204/10/t20220410_37475578.shtml,“   好几天了，我脸都没洗过……”,04/10
./202204/10/t20220410_37475577.shtml,凌晨，列车紧急停靠7分钟！,04/10
./202204/10/t20220410_37475575.shtml,爷爷，爷爷！赶紧，赶紧！,04/10
./202204/10/t20220410_37475574.shtml,一个、两个、三个……危急时刻他们来了！,04/10
./202204/08/t20220408_37471350.shtml,“与素颜和解”火了 年轻人为何总为容貌焦虑,04/08
./202204/08/t20220408_37471347.shtml,锚定双碳目标 超九成受访大学生愿赋能低碳“轻生活”,04/08
./202204/08/t20220408_37470480.shtml,海清的理想生活：不买房,04/08
./202204/07/t20220407_37469110.shtml,邓伦旗下火社火锅因影响市容被罚,04/07
../../gnsz/gdxw/202204/07/t20220407_37466287.shtml,87.1%受访者会关注平凡英雄报道 00后关注比例更高,04/07
./202204/06/t20220406_37464787.shtml,广州上空现“不明飞行器”？ 很可能是飞机航迹云！,04/06
../../gnsz/gdxw/202204/06/t20220406_37462989.shtml,老旧小区改造要“好看”更要“好住”,04/06
../../gnsz/gdxw/202204/06/t20220406_37462846.shtml,记者调查美瞳市场乱象：拿货价9.9元，代理商都不敢卖,04/06
./202204/03/t20220403_37459220.shtml,“外卖封签”提升舌尖上的安全感,04/03
../../gnsz/gdxw/202204/01/t20220401_37453404.shtml,“恭喜顺利毕业”？请给被辞者体面和尊重,04/01
./202203/31/t20220331_37449640.shtml,华南首例！54岁女士植入全球最小最轻人工心脏两月,03/31
./202203/29/t20220329_37444054.shtml,明星签名产品真假难辨 专家建议压实平台责任遏制乱象,03/29
./202203/29/t20220329_37443981.shtml,两成网民遭遇个人信息泄露，如何整治数据安全“重灾区”？,03/29
../../gnsz/gdxw/202203/29/t20220329_37442887.shtml,卖俗扮丑的“流量乞丐”为何屡禁不绝？,03/29
../../gnsz/gdxw/202203/28/t20220328_37440021.shtml,塑料吸管重现、无需餐具成摆设 塑料制品滥用悄然回潮,03/28
./202203/24/t20220324_37431610.shtml,东航坠机72小时：家属在附近山坡布置了祭奠平台,03/24
./202203/24/t20220324_37431557.shtml,死亡小��鲸搁浅大连一海滩 专家现场排“鲸爆”,03/24
./202203/24/t20220324_37429732.shtml,奔走的“大白” 时刻在路上,03/24
./202203/23/t20220323_37428176.shtml,南京大屠杀幸存者王素明去世,03/23
http://www.ce.cn/xwzx/gnsz/gdxw/202203/23/t20220323_37424845.shtml,“6万人砍价”热搜背后：企业如何面对大V的摄像头,03/23
./202203/22/t20220322_37423803.shtml,核酸检测有了新版指南,03/22
./202203/21/t20220321_37421314.shtml,江西一无症状感染者顺利产子 婴儿核酸初筛为阴性,03/21
./202203/21/t20220321_37419240.shtml,广西通报容县夫妇生育15孩：不存在拐卖妇女 处理11人,03/21
./202203/21/t20220321_37419158.shtml,共享单车锁车难！无奈被多扣钱，应何处安放？,03/21
./202203/20/t20220320_37417426.shtml,你玩的剧本杀，合规吗？,03/20
./202203/19/t20220319_37416179.shtml,盗版横行 快速生长后的剧本杀需补上一节法治课,03/19
./202203/18/t20220318_37413176.shtml,比较的囚徒：人们为何一边反“内卷”，一边忍不住比较,03/18
./202203/18/t20220318_37413173.shtml,“课文回忆录”小组：毕业后我们再一次爱上课文,03/18
./202203/18/t20220318_37413161.shtml,从玲娜贝儿到冰墩墩，这届玩偶为何让人“上头”,03/18
./202203/17/t20220317_37411283.shtml,缴纳“免考费”能拿驾驶证？40余人被骗,03/17
./202203/17/t20220317_37410609.shtml,“我已阅读并同意”，你没读过的App用户协议有哪些“坑”,03/17
./202203/17/t20220317_37410567.shtml,网络培训乱象调查：培训机构号称“包过”能信吗,03/17
../../gnsz/gdxw/202203/17/t20220317_37409731.shtml,未成年游戏账号交易难止 闲鱼等平台提醒形同虚设?,03/17
./202203/17/t20220317_37409297.shtml,小伙肩膀疼痛难忍 原因竟是急性心肌梗死,03/17
./202203/16/t20220316_37407338.shtml,“六面消杀”能否确保快递包裹安全到家？,03/16
./202203/16/t20220316_37407326.shtml,网友给深圳卫健委公号留言称被疫情影响生意，收到南山区回复,03/16
./202203/16/t20220316_37406388.shtml,邓伦就偷逃税道歉,03/16
./202203/16/t20220316_37406386.shtml,社交账号被封，品牌代言遭撤，邓伦偷漏税遭罚1.06亿元！,03/16
./202203/16/t20220316_37406385.shtml,部分网络招聘平台乱象调查：别信“0门槛”入职,03/16
./202203/15/t20220315_37403507.shtml,薄盐酱油收“智商税”？这些食品新概念需注意,03/15
./202203/15/t20220315_37402578.shtml,医美的“坑”，为啥总有年轻人往里跳,03/15
./202203/15/t20220315_37402576.shtml,人为打造的“网红爆款”有多少真材实料,03/15
./202203/15/t20220315_37402473.shtml,偷工减料、虚假宣传 人为制造网红爆款踩雷现象频现,03/15
../../gnsz/gdxw/202203/15/t20220315_37402258.shtml,扫码点餐问题变本加厉：吃一顿饭竟要关注两个公众号,03/15
../../gnsz/gdxw/202203/15/t20220315_37401958.shtml,"""我已阅读并同意""? 你没读过的App用户协议有哪些""坑""?",03/15
./202203/12/t20220312_37395822.shtml,“马路拉链”“空中蜘蛛网”成城市顽疾 该怎么治？,03/12
./202203/11/t20220311_37393238.shtml,1份菜3元起！5年内这种“食堂”将覆盖大城市8成社区,03/11
../../gnsz/gdxw/202203/09/t20220309_37385814.shtml,高铁退票费最高20% 合不合理需要向公众释疑,03/09
../../gnsz/gdxw/202203/08/t20220308_37382666.shtml,读博三十几岁还跟爸妈要生活费？政协委员建议这么办,03/08
./202203/05/t20220305_37377009.shtml,散布“偷渡人员伪装志愿者买药”谣言 深圳一女子被行拘,03/05
./202203/03/t20220303_37371226.shtml,春节后家政市场火热！订单暴增、求职者翻倍！年轻、高学历成行业新趋势,03/03
../../gnsz/gdxw/202203/02/t20220302_37367496.shtml,考“碳排放管理师”证书，能赚钱还是被骗钱？,03/02
./202202/28/t20220228_37363407.shtml,黑龙江佳木斯发现1名核酸初筛阳性人员,02/28
../../gnsz/gdxw/202202/28/t20220228_37360945.shtml,“虚假种草”涉虚假宣传 种草消费需警惕“杂草”,02/28
./202202/26/t20220226_37358778.shtml,相亲鄙视链：躺在舒适圈里的层级分明,02/26
./202202/26/t20220226_37358777.shtml,这种“造型神器”卖火了 秃顶小哥哥戴上后年轻20岁,02/26
./202202/26/t20220226_37358776.shtml,初中生一年花费3000元买盲盒？专家：家长要做好平衡,02/26
./202202/26/t20220226_37358775.shtml,反广场舞神器、震楼神器……噪声扰民能否靠神器解决？,02/26
./202202/25/t20220225_37356129.shtml,闯出职场“舒适区”的年轻人，你后悔了吗,02/25
./202202/25/t20220225_37356049.shtml,无证无线下门店也可入驻外卖平台？官方提醒：勿信,02/25
../../gnsz/gdxw/202202/24/t20220224_37352562.shtml,超六成受访者感觉周围人参与冰雪运动热情高,02/24
../../gnsz/gdxw/202202/24/t20220224_37352561.shtml,线上交友 64.6%受访未婚青年最担心用户数据和隐私泄露,02/24
./202202/23/t20220223_37350329.shtml,最有“爱”的日子 上海迎来新人领证高峰,02/23
./202202/21/t20220221_37345619.shtml,安徽亳州6人溺亡事故后续：系酒后骑车带人翻入路边水沟,02/21
../../gnsz/gdxw/202202/18/t20220218_37338961.shtml,“低调”进行，麦当劳涨价了,02/18
./202202/17/t20220217_37335127.shtml,7万年前逃过“灭顶之灾” 百兽之王如今面临何种威胁,02/17
./202202/16/t20220216_37333182.shtml,医护人员追求“事业蒸蒸日上”哪里做错了,02/16
./202202/15/t20220215_37331615.shtml,“完达山1号”野生东北虎放归后多次现身吉林 生存状况良好,02/15
../../gnsz/gdxw/202202/15/t20220215_37329521.shtml,“盲盒热”滋生乱象 过度营销须整治,02/15
../../gnsz/gdxw/202202/15/t20220215_37329425.shtml,花价飞涨、奢侈品店排长队，这个“双节”有点爆,02/15
../../gnsz/gdxw/202202/15/t20220215_37329398.shtml,拿什么提高民众生育意愿？专家认为应逐渐改变婚育观,02/15
../../gnsz/gdxw/202202/15/t20220215_37329307.shtml,卜卦、占星、看手相…… 为什么有的年轻人总想算一卦,02/15
./202202/11/t20220211_37322957.shtml,一位母亲守护罕见病双胞胎16年,02/11
../../gnsz/gdxw/202202/09/t20220209_37315474.shtml,被高价电影票劝退的观众去了抖音？,02/09
../../gnsz/gdxw/202202/08/t20220208_37312424.shtml,“冰墩墩”是如何诞生的？,02/08
../../gnsz/gdxw/202202/07/t20220207_37309902.shtml,春节档观影人次创五年新低 高票价是“拦路虎”吗？,02/07
./202202/02/t20220202_37304749.shtml,“仙女棒”虽美，小心有“炸”！温度能高达800°C！,02/02
./202202/02/t20220202_37304740.shtml,李霄鹏：比赛设计出了问题，队员踢得太紧张,02/02
./202202/02/t20220202_37304738.shtml,《长津湖之水门桥》领跑春节档,02/02
./202202/01/t20220201_37304026.shtml,还真有两个“虎”字的火车站！网友：为何12306查不到？,02/01
./202202/01/t20220201_37304012.shtml,走“后门”能赚大钱？假的！典型电诈案件预警发布,02/01
./202201/31/t20220131_37303866.shtml,内蒙古二连浩特市发生一起交通事故 致7人死亡,01/31
./202201/30/t20220130_37301211.shtml,春节档新片预售票房突破3.2亿元 你想看哪一部？,01/30
../../gnsz/gdxw/202201/29/t20220129_37299163.shtml,李时珍、唐伯虎……这些属虎名人出生那年发生了什么？,01/29
../../gnsz/gdxw/202201/29/t20220129_37299109.shtml,零首付买手机、免费体验……商家诱导消费套路怎么破,01/29
./202201/28/t20220128_37297524.shtml,我为群众办实事｜继“朝阳群众”“西城大妈”之后，“陶然小哥”火了,01/28
./202201/28/t20220128_37296717.shtml,量子保健产品、抗衰功能食品？ 伪概念真陷阱，小心被收“智商税”！,01/28
./202201/28/t20220128_37296661.shtml,今年实现车厘子自由了吗？为什么车厘子比樱桃贵很多,01/28
../../gnsz/gdxw/202201/28/t20220128_37296265.shtml,四问盲盒经济：蒙眼狂奔能走多远？,01/28
../../gnsz/gdxw/202201/28/t20220128_37295914.shtml,工人变身大厨、爱人相守身旁……外来务工者花样就地过年,01/28
./202201/27/t20220127_37292119.shtml,“天才译者”金晓宇一夜走红后 金父最挂心的事解决了,01/27
./202201/27/t20220127_37292088.shtml,对话丨她，是从公交车上走下来的“锅姨”,01/27
./202201/26/t20220126_37291092.shtml,从18只到240多只，“中国虎”家族日益壮大,01/26
./202201/26/t20220126_37291030.shtml,致歉声明,01/26
../../gnsz/gdxw/202201/26/t20220126_37288904.shtml,看的不是相亲，是人生百态……硬核相亲节目火出圈,01/26
../../gnsz/gdxw/202201/26/t20220126_37288885.shtml,微博热搜显示 越来越多的年轻人患有“热度排斥症”,01/26
./202201/25/t20220125_37286683.shtml,重要提醒！本周上班时间有变化,01/25
../../gnsz/gdxw/202201/25/t20220125_37285926.shtml,两女孩烤炭火中毒 大学生“教科书式”救人获奖1万元,01/25
../../gnsz/gdxw/202201/25/t20220125_37285718.shtml,“躺着赚钱”是营销套路 网红“隔离险”亟待规范化,01/25
./202201/24/t20220124_37282173.shtml,“每逢佳节必催婚”？婚姻专家支招春节如何应对父母催婚,01/24
../../gnsz/gdxw/202201/20/t20220120_37273812.shtml,粉丝互撕、拉组CP、“演员”搅局、博彩成风……“竞圈”乱象调查,01/20
../../gnsz/gdxw/202201/20/t20220120_37273530.shtml,沈阳市文旅局就张作霖“大帅币”交通卡致歉 相关负责人停职,01/20
./202201/19/t20220119_37269928.shtml,聋哑夫妇背50万余元现金转账 民警手写12页纸劝阻,01/19
../../gnsz/gdxw/202201/18/t20220118_37265152.shtml,"网贷少年""上岸""记:每天阻止我偷懒的不是闹钟，是催债电话",01/18
../../gnsz/gdxw/202201/13/t20220113_37253262.shtml,“好好的孩子”怎么就抑郁了？这不是娇气，是一种疾病,01/13
../../gnsz/gdxw/202201/13/t20220113_37251807.shtml,都2022年了，HPV疫苗为啥还那么难抢？,01/13
../../gnsz/gdxw/202201/12/t20220112_37251455.shtml,北京：老旧小区改造可提取住房公积金,01/12
../../gnsz/gdxw/202201/12/t20220112_37250858.shtml,企业员工、歌手、带货主播……数字虚拟人频频出圈，能在多大程度上替代真人？,01/12
./202201/07/t20220107_37235118.shtml,要不要再生一个？家长的内心戏是什么,01/07
./202201/06/t20220106_37232466.shtml,情侣因物质条件谈不拢分手 六成受访青年：心态太功利,01/06
./202201/01/t20220101_37221957.shtml,四川西昌一小伙辞职照顾脑梗父亲走红网络,01/01
./202201/01/t20220101_37221956.shtml,成都一社区连续14年发放“迎新礼物”,01/01
./202201/01/t20220101_37221953.shtml,大熊猫国家公园与它的珍稀野生动植物“户主”们,01/01
../../gnsz/gdxw/202112/30/t20211230_37216299.shtml,直播带货，俞敏洪来晚了吗？,12/30
../../gnsz/gdxw/202112/29/t20211229_37214370.shtml,浙江新规：每份外卖都必须使用“外卖封签”,12/29
../../gnsz/gdxw/202112/29/t20211229_37213635.shtml,网传安徽60岁老人产下6斤女婴，警方通报：将进一步核查女子真实身份,12/29
./202112/25/t20211225_37202162.shtml,黑龙江漠河市一煤矿在修理机械过程中发生意外 死亡两人,12/25
./202112/17/t20211217_37180837.shtml,社保补缴后，生育险待遇何时恢复？,12/17
./202112/16/t20211216_37176849.shtml,这群寒夜里的“大白”，个个身怀“独门绝技”！,12/16
./202112/15/t20211215_37175171.shtml,野猪拟调出“三有”名录，以后可以随意捕杀吗？,12/15
./202112/14/t20211214_37171341.shtml,江西南昌一公司厂房突发大火已致3人死亡,12/14
./202112/14/t20211214_37170519.shtml,河南一小学组织学生劳动：刮220块砖赚11元，校长回应争议,12/14
./202112/14/t20211214_37170001.shtml,10年“悬案”：河南商丘4885份出生证明被盗始末追踪,12/14
./202112/13/t20211213_37167020.shtml,接到“流调”电话怎么办？你需要搞清楚这几条,12/13
./202112/12/t20211212_37163934.shtml,成都熊猫基地新兽舍“软装”完成 “滚滚”搬家啦！,12/12
./202112/12/t20211212_37163931.shtml,网上疯狂“扩列”加好友？小心遇上“大灰狼”！,12/12
./202112/10/t20211210_37159010.shtml,“大凉山支教老师收到140条腊肉” 温暖视频走红网络,12/10
./202112/10/t20211210_37158975.shtml,借10万元救命款反遭辱骂 善心不该被“恶心”消费,12/10
./202112/07/t20211207_37148840.shtml,破防了、爷青回、真实……年度弹幕如何复盘这一年,12/07
./202112/07/t20211207_37148838.shtml,2021综艺大爆发：综艺节目更懂年轻人了？,12/07
./202112/07/t20211207_37148835.shtml,“脱单盲盒”火了 你想要的爱情成了别人的“商机”,12/07
./202112/06/t20211206_37145987.shtml,山西寿阳县6日凌晨发生一起火灾，造成8人遇难、5人受伤,12/06
./202112/05/t20211205_37142507.shtml,献血3年救治2000多病患 这群“熊猫侠”随时准备挽袖,12/05
./202112/05/t20211205_37142487.shtml,关注青少年心理健康：年少已知愁滋味 你的心事为哪般,12/05
./202112/04/t20211204_37141253.shtml,“黑暗餐厅”吸纳残障人士就业 顾客可短暂体验盲人感受,12/04
./202112/04/t20211204_37141252.shtml,37部影片激战贺岁档：悬疑推理扎堆 爱情题材主题多样,12/04
./202112/04/t20211204_37141226.shtml,大学校园建“开心农场” “浑身沾满泥还是盼再上课”,12/04
./202112/03/t20211203_37139598.shtml,诈骗App背后隐现技术开发灰色产业链,12/03
./202112/02/t20211202_37135831.shtml,安徽潜山两车相撞，已致8人死亡3人受伤,12/02
./202112/02/t20211202_37134865.shtml,“85后”“90后”为HIV快检产品主要消费群体,12/02
./202112/01/t20211201_37131737.shtml,第四轮来袭 今冬寒潮偏多吗,12/01
./202112/01/t20211201_37131674.shtml,小心！快递单上的信息被盗取,12/01
./202112/01/t20211201_37131204.shtml,海南五指山通报“多名女生殴打一名男生”的调查情况,12/01
./202112/01/t20211201_37131192.shtml,黑龙江一女公职人员殴打母亲被纪检监察机关立案审查,12/01
./202112/01/t20211201_37131188.shtml,车辆引擎盖突燃大火 加油站员工紧急施救,12/01
./202111/30/t20211130_37128992.shtml,网络主播违约跳槽 法院判决赔偿违约金100万元,11/30
../../gnsz/gdxw/202111/30/t20211130_37126498.shtml,广州一高校20余名学生腹泻 初步判断为诺如病毒感染,11/30
./202111/29/t20211129_37123453.shtml,南京财大一教师发布错误言论，回应：调离教师岗位,11/29
./202111/26/t20211126_37119293.shtml,别忘了您那些“睡”着的银行卡,11/26
./202111/26/t20211126_37119089.shtml,重庆：夫妻双方均可休育儿假,11/26
./202111/26/t20211126_37119088.shtml,8种药物停产停售！看看你家药箱里有吗,11/26
./202111/26/t20211126_37116893.shtml,网上认识的“高富帅”经常嘘寒问暖 武汉女子被套路94万,11/26
./202111/24/t20211124_37112521.shtml,莫高窟等3石窟重新对外开放,11/24
./202111/23/t20211123_37109050.shtml,中高风险地区全部清零 “烟火成都”回来了,11/23
./202111/22/t20211122_37105730.shtml,南京六合以疏代堵治理电动车安全隐患,11/22
./202111/22/t20211122_37105727.shtml,哈尔滨部分中小学23日继续线上教学,11/22
./202111/22/t20211122_37104545.shtml,真邮箱、假通知，这样的诈骗招数你不得不防！,11/22
./202111/20/t20211120_37100328.shtml,全国羽绒服预警地图发布 连华南都得安排上,11/20
./202111/20/t20211120_37100324.shtml,“大码女孩”走上红毯 打破“白瘦幼”审美的好开端,11/20
./202111/20/t20211120_37100311.shtml,艺术考级为何变了味？记者调查“鸡娃”艺考现象,11/20
./202111/19/t20211119_37098742.shtml,陪逛街、帮忙叫醒、上门喂宠物……解锁打工新方式,11/19
./202111/19/t20211119_37098437.shtml,“东方神童”魏永康突然病逝 年仅38岁,11/19
./202111/19/t20211119_37098434.shtml,80岁老太太科三考试“一把过” 网友直呼太励志,11/19
./202111/19/t20211119_37096899.shtml,浙大女博士买橘上热搜 一场甜蜜的“双向奔赴”,11/19
./202111/17/t20211117_37090411.shtml,主人被隔离，猫怎么办？成都“铲屎官”上门帮忙,11/17
./202111/16/t20211116_37089596.shtml,为营救轻生女子牺牲 消防员陈建军被批准为烈士,11/16
./202111/15/t20211115_37086577.shtml,一旅游博主因亵渎烈士墓获刑七个月,11/15
./202111/13/t20211113_37081877.shtml,苏州一中学老师研发出软件 扫码交作业分分钟搞定,11/13
./202111/11/t20211111_37077595.shtml,扫码领红包抽手机是“逗你玩”,11/11
./202111/11/t20211111_37077124.shtml,不拘一格降人才 摘下有色眼镜看“第一学历”,11/11
./202111/10/t20211110_37075686.shtml,南昌大学校友会回应李佳琦学历：系舞蹈学专业本科生 提前离校,11/10
./202111/09/t20211109_37072576.shtml,黑龙江紧急抢修电网运维 已恢复27万余用户供电,11/09
./202111/09/t20211109_37072125.shtml,消防员坠楼死死护住女童自己牺牲，年仅27岁,11/09
./202111/09/t20211109_37072124.shtml,泪目！消防员坠楼，死死护住女童自己牺牲,11/09
./202111/08/t20211108_37069180.shtml,可通过颜色分辨航天员，我国新舱外航天服了解一下,11/08
./202111/08/t20211108_37069027.shtml,吉林遭遇暴雪、冻雨侵袭 部分城市中小学停课,11/08
./202111/08/t20211108_37069014.shtml,11日晚天宇上演双星伴月,11/08
./202111/08/t20211108_37068997.shtml,在成都生活18年的日本人：搭建中日电商合作桥梁,11/08
./202111/07/t20211107_37066360.shtml,冲浪培训市场鱼龙混杂 招揽生意仅靠冲浪板和“黝黑面孔”,11/07
./202111/06/t20211106_37065219.shtml,国产剧版正面对打网飞，《三体》影视化这回真来了？,11/06
./202111/06/t20211106_37065008.shtml,火遍全网的《漠河舞厅》，背后的故事让人动容,11/06
./202111/06/t20211106_37065006.shtml,国产剧版正面对打网飞，《三体》影视化这回真来了？,11/06
../../gnsz/gdxw/202111/05/t20211105_37061832.shtml,"""充电焦虑""代替""里程焦虑"" 老旧小区安装充电桩咋这么难?",11/05
../../gnsz/gdxw/202111/05/t20211105_37061703.shtml,中消协： 不可迷信“双十一”所谓“价格优势”,11/05
../../gnsz/gdxw/202111/04/t20211104_37059982.shtml,世界上咖啡馆最多的城市居然在中国,11/04
./202111/04/t20211104_37059269.shtml,警惕！有些“善意”提醒是谣言,11/04
../../gnsz/gdxw/202111/04/t20211104_37059103.shtml,假“种草”真广告? 近八成受访者曾被网络“种草”坑过,11/04
../../gnsz/gdxw/202111/04/t20211104_37058846.shtml,两部大片叫好不叫座 “傲慢”好莱坞败走中国？,11/04
../../gnsz/gdxw/202111/04/t20211104_37057935.shtml,考古盲盒消费热的深层原因,11/04
../../gnsz/gdxw/202111/04/t20211104_37057889.shtml,引导直播电商守住底线,11/04
./202110/30/t20211030_37043850.shtml,流量时代不再 网红零食转场线下还“香”吗？,10/30
./202110/30/t20211030_37043834.shtml,13岁白血病少年 病床上拍搞笑视频逗妈妈开心,10/30
./202110/27/t20211027_37032416.shtml,割一茬“韭菜”再跑路 健身房的坑还嫌少吗,10/27
./202110/26/t20211026_37028860.shtml,闪婚22天后新娘离家出走150万“高价彩礼”何去何从？,10/26
./202110/26/t20211026_37028740.shtml,“二传手”“老前辈”“隐形人”“背锅侠”“大头兵”：基层闲人，主动闲还是被动闲？,10/26
./202110/26/t20211026_37028739.shtml,王府井步行街只有外地人才去? 如今不一样了!,10/26
./202110/23/t20211023_37021658.shtml,20分钟“生命通话”！接警员这样救下轻生女孩,10/23
./202110/23/t20211023_37021536.shtml,本科毕业的这对姐妹花，为何选择了当环卫工？,10/23
./202110/21/t20211021_37015027.shtml,使用交友软件 96.3%受访者觉得有必要多个心眼,10/21
./202110/19/t20211019_37006733.shtml,秋收车辆上路因带泥被罚？官方回复：执法人员仅口头责令,10/19
./202110/18/t20211018_37002842.shtml,减肥产品疑含违禁成分 女子服用“闪电瘦”多器官衰竭,10/18
./202110/16/t20211016_36999158.shtml,厦门一小区发生火情致2人死亡 事故原因正在调查中,10/16
./202110/16/t20211016_36998624.shtml,河北平山警方：一邮政公司职工扎伤3名同事致死，已投案,10/16
./202110/16/t20211016_36998619.shtml,绍兴警方通报女子伤害母亲致死案：嫌犯25岁，非网传中学生,10/16
./202110/16/t20211016_36998601.shtml,盲人就业，除了推拿按摩还能干些啥 调查盲人就业现状,10/16
./202110/16/t20211016_36998596.shtml,建筑垃圾资源化率高达97% 北京环球影城地下的“秘密”,10/16
./202110/15/t20211015_36997323.shtml,见义勇为救助受伤路人 满满正能量,10/15
./202110/15/t20211015_36996865.shtml,盲道，为何不帮“盲”？,10/15
./202110/15/t20211015_36996785.shtml,高雄“城中城大楼”火灾事故遇难者中包含一名大陆同胞,10/15
./202110/15/t20211015_36996570.shtml,天冷了，科学挨冻这几个部位“冻”不得,10/15
./202110/15/t20211015_36996773.shtml,加油站员工归还价值近万元加油卡 客户致谢送锦旗,10/15
./202110/15/t20211015_36996490.shtml,陕西太白一金矿巷道涌入泥石流事故致4人死亡,10/15
./202110/15/t20211015_36996489.shtml,台湾高雄一大楼起火致46死 已有23名完成身份辨认,10/15
./202110/15/t20211015_36996436.shtml,明星代言“翻车”频发，为何鲜见被罚？,10/15
./202110/14/t20211014_36991084.shtml,花4000多万买豪宅 被中介赚250万差价？,10/14
./202110/12/t20211012_36983544.shtml,“老漂族”生活现状调查：到他乡融入新生活不易,10/12
./202110/09/t20211009_36976385.shtml,四川仪陇一大型客车因避让突穿公路行人冲进民房院坝 警方通报：致1死2伤,10/09
./202110/09/t20211009_36975513.shtml,中国电影应走出唯头部流量怪圈,10/09
./202110/09/t20211009_36975440.shtml,三无文具滥竽充数，文具盲盒到底是惊喜还是陷阱？,10/09
./202110/09/t20211009_36975423.shtml,105家企业签网络游戏行业防沉迷自律公约,10/09
./202110/06/t20211006_36970188.shtml,【黄金周换岗体验】婚庆策划人,10/06
./202110/06/t20211006_36970158.shtml,浙江“00后”武警战士假日镜像：我在千岛之城保驾护航,10/06
./202110/06/t20211006_36969890.shtml,上海迪士尼一游客排队时突然昏倒 抢救无效身故,10/06
./202110/06/t20211006_36969750.shtml,成都男子非法穿越雅拉雪山失联 当地150余人紧急搜救,10/06
./202110/06/t20211006_36969749.shtml,网传入住酒店可“撸狮子老虎”？酒店这样回应,10/06
./202110/06/t20211006_36969747.shtml,办特殊教育学校18年，她让“来自星星的孩子”闪光,10/06
./202110/04/t20211004_36968224.shtml,上海一企业4日清晨发生火灾 目前火势已被控制,10/04
./202110/01/t20211001_36965191.shtml,北京环球影城带火周边环区店 商户争抢店员备战长假,10/01
./202110/01/t20211001_36964784.shtml,文化和旅游部：演出活动不得使用造成恶劣社会影响的违法失德演员,10/01
./202109/30/t20210930_36962245.shtml,94.5%受访者觉得“好评注水”现象普遍,09/30
./202109/30/t20210930_36961935.shtml,新冠疫苗加强针要来了，谁先打？能混打吗？,09/30
./202109/30/t20210930_36960441.shtml,记者暗访北京某饭店发现餐饮浪费：大量菜品剩余,09/30
./202109/30/t20210930_36960423.shtml,夫妻为买学区房假离婚成真 法院裁定财产分割约定无效,09/30
./202109/29/t20210929_36958641.shtml,国庆假期哪些车辆免费通行？免费时段前上高速要交费吗？,09/29
./202109/29/t20210929_36956831.shtml,“独家”不再是卖点 去独家后音乐平台怎样发展？,09/29
./202109/28/t20210928_36953992.shtml,刷视频、领金币，为何银发族沉迷刷手机？聚焦网瘾老人“三感”,09/28
./202109/28/t20210928_36953798.shtml,摘马蜂窝背后的“危险生意”：有商家年售蜂窝超两万斤,09/28
./202109/28/t20210928_36952751.shtml,体验别人的人生会带来快感？剧本杀为什么吸引年轻人,09/28
./202109/28/t20210928_36952737.shtml,眼睛不近视比得100分还重要 儿童青少年近视怎么防,09/28
./202109/27/t20210927_36949988.shtml,“变脸”快的绿灯请等等行人,09/27
./202109/25/t20210925_36945553.shtml,福利院长大的“铁妈妈” 把儿子培养成博士后,09/25
./202109/25/t20210925_36945514.shtml,每年有210万人购买 临期食品为何受追捧？,09/25
./202109/25/t20210925_36945512.shtml,西藏山南先心病儿在武汉免费手术：长大我要像您一样当医生,09/25
./202109/24/t20210924_36942754.shtml,答非所问、形同虚设？如何让智能客服更“善解人意”,09/24
./202109/24/t20210924_36942733.shtml,大熊猫小种群面临灭绝风险 栖息地破碎化现状亟待改善,09/24
./202109/24/t20210924_36940889.shtml,1岁幼儿误吞11颗巴克球致肠穿孔 当心网红玩具成沉默杀手,09/24
./202109/22/t20210922_36933143.shtml,中秋档电影票房创四年新低 业内苦盼国庆档,09/22
./202109/22/t20210922_36932875.shtml,这种智能材料 助衣服颜色实现“七十二变”,09/22
./202109/22/t20210922_36932858.shtml,患有脑部疾病的妈妈走失12年 还能念出儿女名字,09/22
./202109/21/t20210921_36931546.shtml,戏仿视频版权纠纷频现 短视频二次创作界限在哪里,09/21
./202109/20/t20210920_36931143.shtml,北京通州一小区发生火灾造成5人死亡,09/20
./202109/19/t20210919_36930390.shtml,杭州湾海域一渔船沉没致4人失联,09/19
./202109/19/t20210919_36930321.shtml,注意！丰泽发布关于1例莆田相关阳性病例的行程轨迹通告,09/19
./202109/19/t20210919_36930317.shtml,中疾控发布新版流感疫苗接种指南 建议这几类人群优先接种,09/19
./202109/19/t20210919_36930185.shtml,余杭农村职业经理人成了乡村振兴的策划师,09/19
./202109/19/t20210919_36929892.shtml,中秋国庆这4天加班发3倍工资，你会加班吗？　　,09/19
./202109/19/t20210919_36929826.shtml,中秋美食怎样吃才健康?营养师支招,09/19
./202109/19/t20210919_36929825.shtml,小心这块“脑海中的橡皮擦” 可能会遗传……,09/19
./202109/19/t20210919_36929824.shtml,成都熊猫基地今起三天日限6.3万人 可买电子门票,09/19
./202109/18/t20210918_36927306.shtml,导盲犬的一生：学会服从30多种命令 失去“爱情”,09/18
./202109/17/t20210917_36925314.shtml,“生育惩罚”理论作祟？别让女性承受职场Hard模式,09/17
./202109/17/t20210917_36925313.shtml,“东北小清华”霸道查寝背后：职校学生是咋上学的,09/17
./202109/17/t20210917_36925296.shtml,济南长清崮云湖街道：师生共建城乡人居环境,09/17
./202109/16/t20210916_36921468.shtml,浙江温州一婆婆照料植物人儿媳17年：只要活着就照顾她,09/16
./202109/16/t20210916_36921467.shtml,南通官方回应“城管拎起老人摔在地上”：成立调查组展开调查,09/16
./202109/16/t20210916_36921456.shtml,重磅！二孩三孩也免票！北京地铁调整儿童乘车规则,09/16
./202109/15/t20210915_36917637.shtml,连续4天新增确诊病例 泉州多举措严防疫情,09/15
./202109/15/t20210915_36917636.shtml,2021年1至8月拉萨海关查获走私案件13起案值692.88万元,09/15
./202109/15/t20210915_36917631.shtml,北京入汛以来出现主要降雨过程72次 平均降雨量比去年偏多9成,09/15
./202109/14/t20210914_36913792.shtml,金沙江上游最大鱼类增殖放流站将25万尾鱼苗放流金沙江,09/14
./202109/14/t20210914_36910506.shtml,互撕谩骂 反向圈钱 浪费资源 “饭圈”如何成“怪圈”？,09/14
./202109/13/t20210913_36909374.shtml,青海柴达尔煤矿“8・14”冒顶事故19名被困人员全部遇难,09/13
./202109/13/t20210913_36909372.shtml,在上海的外籍青少年可以登记预约接种新冠疫苗了,09/13
./202109/13/t20210913_36909365.shtml,云南洱源发生山洪泥石流灾害 致1人死亡3人失联,09/13
./202109/13/t20210913_36906563.shtml,“双减”之下，家长遭遇教培机构退费难,09/13
./202109/13/t20210913_36906055.shtml,湖北外卖小哥入读西财 与小8岁室友无代沟,09/13
./202109/13/t20210913_36906053.shtml,警校实习生日记走红 幽默记录派出所工作点滴,09/13
./202109/11/t20210911_36903871.shtml,“4天花55万”的罕见病成都一幼儿也遭遇了,09/11
./202109/10/t20210910_36902983.shtml,孙子让爷爷奶奶刷脸、游戏账号出租：网游防沉迷新规有空子钻,09/10
./202109/10/t20210910_36902818.shtml,“测颜值”软件藏陷阱 8100万条公民个人信息被泄露,09/10
./202109/10/t20210910_36901452.shtml,媒体：网约车平台抽成比例居高不下，司机接单几乎没有自主性,09/10
./202109/10/t20210910_36901199.shtml,不挨饿不运动，靠吃就能降体重？代餐食品靠谱吗,09/10
./202109/10/t20210910_36900707.shtml,年轻人爱上适老版App 只为逃出算法的包围,09/10
./202109/10/t20210910_36900697.shtml,剧本数量井喷质量看运气 剧本杀高光之下阴影重重,09/10
./202109/10/t20210910_36900693.shtml,警惕“破解防沉迷”诈骗盯上未成年人,09/10
./202109/10/t20210910_36900676.shtml,超七成网友日常“机不离手” 小心染上“手机病”！,09/10
./202109/10/t20210910_36900629.shtml,网约车市场抽成比例居高不下 拒绝派单权利实质被架空,09/10
./202109/10/t20210910_36900598.shtml,中消协回应视频平台VIP服务：超前点播重自愿，逐集限制要取消,09/10
./202109/10/t20210910_36900264.shtml,知乎月饼吃了拉肚子？网友：谢邀变泻药……,09/10
./202109/10/t20210910_36900252.shtml,超七成网友日常“机不离手” 小心染上“手机病”！,09/10
./202109/09/t20210909_36899844.shtml,济南整形机构打人女老板涉嫌非法拘禁罪被依法刑拘,09/09
./202109/09/t20210909_36899779.shtml,一女游客体验“飞鱼”娱乐项目坠海死亡 三名项目经营者被刑拘,09/09
./202109/09/t20210909_36899050.shtml,部分幼儿园公共视频需付费观看，律师：不合法不合理,09/09
./202109/09/t20210909_36898367.shtml,让社恐羡慕的“社交强大症” 有可能是一种“热暴力”,09/09
./202109/09/t20210909_36898130.shtml,让社恐羡慕的“社交强大症” 有可能是一种“热暴力”,09/09
./202109/09/t20210909_36898051.shtml,劳动者：“要拿什么证明自己‘那些年’加的班？”,09/09
./202109/09/t20210909_36897555.shtml,“剧本杀”：社交“新宠”成产业，能走多远看格调,09/09
./202109/09/t20210909_36897510.shtml,平台租卖游戏账号乱象：无需实名认证，买号几千到一万元不等,09/09
./202109/08/t20210908_36894493.shtml,老赖“人间蒸发”拒不还钱 9年后抖音发“炫富视频”被发现,09/08
./202109/08/t20210908_36894459.shtml,老赖“人间蒸发”拒不还钱 9年后抖音发“炫富视频”被发现,09/08
./202109/08/t20210908_36894448.shtml,制造“容貌焦虑”或已涉嫌违法 专家给出医美“避坑指南”,09/08
./202109/08/t20210908_36893140.shtml,行人斑马线闯红灯 司机仍须让行,09/08
./202109/08/t20210908_36893222.shtml,集采的心脏支架短缺？联采办回应：供应充足,09/08
./202109/08/t20210908_36892176.shtml,未成年人网游防沉迷一周了，有人崩溃大哭，有人租号再战,09/08
./202109/08/t20210908_36892156.shtml,2022年将全面推行电子驾驶证 你申领了吗？,09/08
./202109/08/t20210908_36892149.shtml,云南千亩大象专属“食堂”开张 已有大象来觅食,09/08
./202109/07/t20210907_36890044.shtml,1岁头部相连双胞胎成功手术分开 出生后首次对视(图),09/07
./202109/07/t20210907_36889629.shtml,警官连麦走红，打开反诈宣传新空间,09/07
./202109/07/t20210907_36889281.shtml,日照官方通报“保育员粗暴对待幼儿”：停职，托育中心停业整顿,09/07
./202109/07/t20210907_36889277.shtml,云南两网红为吸粉直播“约架” 警方：依法查处,09/07
./202109/07/t20210907_36889238.shtml,“轮椅女孩”圆梦大学，父女开启“大学生活”,09/07
./202109/07/t20210907_36889232.shtml,文明城市创建给汕尾带来了哪些变化？,09/07
./202109/07/t20210907_36889273.shtml,直播卖货“割韭菜”，翻车不断背后：平台义务何在？,09/07
./202109/07/t20210907_36889272.shtml,两大全球顶级乐园分庭抗礼 谁是主题乐园的王者？,09/07
./202109/07/t20210907_36888650.shtml,腾讯游戏回应“花钱租号打王者荣耀”：向多个平台起诉或发函,09/07
./202109/07/t20210907_36889271.shtml,东北地区等地多雷阵雨 台风“康森”将向我国沿海靠近,09/07
./202109/07/t20210907_36889270.shtml,长江附近缘何涌出“牛奶水”？中央环保督察剑指湖北磷污染问题,09/07
./202109/07/t20210907_36888153.shtml,“空降兵奶奶”的伞兵情缘与“硬核”晚年,09/07
./202109/07/t20210907_36888108.shtml,咆哮式育儿没效果？你可以试试动机管理和情绪管理,09/07
./202109/07/t20210907_36888100.shtml,“偶像养成类节目”停播，综艺节目再度进入黄昏？,09/07
./202109/07/t20210907_36888097.shtml,虚拟世界暗藏危机 警惕未成年人掉进手游“陷阱”,09/07
./202109/07/t20210907_36887949.shtml,中小学生爱国主义影视教育平台上线,09/07
./202109/07/t20210907_36887930.shtml,电影暑期档观众满意度创今年最高,09/07
./202109/07/t20210907_36887838.shtml,警方通报“阿里女员工被侵害”案：王某文拘留15日,09/07
./202109/07/t20210907_36889269.shtml,媒体：“特效药55万元一针”呼唤罕见病治疗共担机制,09/07
./202109/07/t20210907_36887792.shtml,“偶像养成类节目”停播，综艺节目再度进入黄昏？,09/07
./202109/07/t20210907_36889268.shtml,阳光上线！北京今明天晴天唱“主调” 最高气温27℃,09/07
./202109/07/t20210907_36887778.shtml,包邮“包走”了选择的“自由” 快递选择权何时自己说了算,09/07
./202109/07/t20210907_36887681.shtml,警惕未成年人掉进手游“陷阱”,09/07
./202109/07/t20210907_36887592.shtml,劣迹艺人不让演戏就能直播带货吗,09/07
./202109/07/t20210907_36887413.shtml,警方通报“阿里女员工被侵害”案：王某文拘留15日,09/07
./202109/06/t20210906_36886741.shtml,陕西旬阳一四层居民楼坍塌  无人员伤亡,09/06
./202109/06/t20210906_36886737.shtml,湖南衡阳县公布一无症状感染者的密切接触者行程轨迹,09/06
./202109/06/t20210906_36886578.shtml,北京老龄化程度加深 60岁及以上常住人口429.9万人,09/06
./202109/06/t20210906_36885245.shtml,不用yyds、绝绝子就不能交流了？一起“回炉”跟古人学表达,09/06
./202109/06/t20210906_36883453.shtml,安徽太湖发生一起交通事故致12人死亡2人受伤,09/06
./202109/06/t20210906_36883394.shtml,拉练式、强制式、填鸭式……变味的企业团建问题在哪,09/06
./202109/06/t20210906_36883389.shtml,四川平武现“雪山飞狐”：赤狐疑冒着风雪寻食,09/06
./202109/06/t20210906_36883549.shtml,62.5%未成年网民经常玩游戏 国家出重拳防止沉迷网游,09/06
